year,sector,age,proportion,sample_size,evidence_class
2003,all,0,0.0,484,synthetic_multinomial_from_conditioned_operating_truth
2003,all,1,0.0,484,synthetic_multinomial_from_conditioned_operating_truth
2003,all,2,0.0,484,synthetic_multinomial_from_conditioned_operating_truth
2003,all,3,0.0,484,synthetic_multinomial_from_conditioned_operating_truth
2003,all,4,0.0,484,synthetic_multinomial_from_conditioned_operating_truth
2003,all,5,0.024793388429752067,484,synthetic_multinomial_from_conditioned_operating_truth
2003,all,6,0.08677685950413223,484,synthetic_multinomial_from_conditioned_operating_truth
2003,all,7,0.1652892561983471,484,synthetic_multinomial_from_conditioned_operating_truth
2003,all,8,0.18181818181818182,484,synthetic_multinomial_from_conditioned_operating_truth
2003,all,9,0.128099173553719,484,synthetic_multinomial_from_conditioned_operating_truth
2003,all,10,0.12396694214876033,484,synthetic_multinomial_from_conditioned_operating_truth
2003,all,11,0.0743801652892562,484,synthetic_multinomial_from_conditioned_operating_truth
2003,all,12,0.049586776859504134,484,synthetic_multinomial_from_conditioned_operating_truth
2003,all,13,0.03925619834710744,484,synthetic_multinomial_from_conditioned_operating_truth
2003,all,14,0.022727272727272728,484,synthetic_multinomial_from_conditioned_operating_truth
2003,all,15,0.022727272727272728,484,synthetic_multinomial_from_conditioned_operating_truth
2003,all,16,0.008264462809917356,484,synthetic_multinomial_from_conditioned_operating_truth
2003,all,17,0.008264462809917356,484,synthetic_multinomial_from_conditioned_operating_truth
2003,all,18,0.004132231404958678,484,synthetic_multinomial_from_conditioned_operating_truth
2003,all,19,0.010330578512396695,484,synthetic_multinomial_from_conditioned_operating_truth
2003,all,20,0.010330578512396695,484,synthetic_multinomial_from_conditioned_operating_truth
2003,all,21,0.002066115702479339,484,synthetic_multinomial_from_conditioned_operating_truth
2003,all,22,0.006198347107438017,484,synthetic_multinomial_from_conditioned_operating_truth
2003,all,23,0.004132231404958678,484,synthetic_multinomial_from_conditioned_operating_truth
2003,all,24,0.0,484,synthetic_multinomial_from_conditioned_operating_truth
2003,all,25,0.004132231404958678,484,synthetic_multinomial_from_conditioned_operating_truth
2003,all,26,0.008264462809917356,484,synthetic_multinomial_from_conditioned_operating_truth
2003,all,27,0.012396694214876033,484,synthetic_multinomial_from_conditioned_operating_truth
2003,all,28,0.0,484,synthetic_multinomial_from_conditioned_operating_truth
2003,all,29,0.0,484,synthetic_multinomial_from_conditioned_operating_truth
2003,all,30,0.002066115702479339,484,synthetic_multinomial_from_conditioned_operating_truth
2004,all,0,0.0,695,synthetic_multinomial_from_conditioned_operating_truth
2004,all,1,0.0,695,synthetic_multinomial_from_conditioned_operating_truth
2004,all,2,0.0,695,synthetic_multinomial_from_conditioned_operating_truth
2004,all,3,0.0,695,synthetic_multinomial_from_conditioned_operating_truth
2004,all,4,0.0014388489208633094,695,synthetic_multinomial_from_conditioned_operating_truth
2004,all,5,0.0057553956834532375,695,synthetic_multinomial_from_conditioned_operating_truth
2004,all,6,0.06618705035971223,695,synthetic_multinomial_from_conditioned_operating_truth
2004,all,7,0.19568345323741007,695,synthetic_multinomial_from_conditioned_operating_truth
2004,all,8,0.17553956834532375,695,synthetic_multinomial_from_conditioned_operating_truth
2004,all,9,0.1669064748201439,695,synthetic_multinomial_from_conditioned_operating_truth
2004,all,10,0.11079136690647481,695,synthetic_multinomial_from_conditioned_operating_truth
2004,all,11,0.0920863309352518,695,synthetic_multinomial_from_conditioned_operating_truth
2004,all,12,0.050359712230215826,695,synthetic_multinomial_from_conditioned_operating_truth
2004,all,13,0.025899280575539568,695,synthetic_multinomial_from_conditioned_operating_truth
2004,all,14,0.025899280575539568,695,synthetic_multinomial_from_conditioned_operating_truth
2004,all,15,0.01870503597122302,695,synthetic_multinomial_from_conditioned_operating_truth
2004,all,16,0.015827338129496403,695,synthetic_multinomial_from_conditioned_operating_truth
2004,all,17,0.0057553956834532375,695,synthetic_multinomial_from_conditioned_operating_truth
2004,all,18,0.010071942446043165,695,synthetic_multinomial_from_conditioned_operating_truth
2004,all,19,0.0057553956834532375,695,synthetic_multinomial_from_conditioned_operating_truth
2004,all,20,0.004316546762589928,695,synthetic_multinomial_from_conditioned_operating_truth
2004,all,21,0.0057553956834532375,695,synthetic_multinomial_from_conditioned_operating_truth
2004,all,22,0.004316546762589928,695,synthetic_multinomial_from_conditioned_operating_truth
2004,all,23,0.0028776978417266188,695,synthetic_multinomial_from_conditioned_operating_truth
2004,all,24,0.0014388489208633094,695,synthetic_multinomial_from_conditioned_operating_truth
2004,all,25,0.0,695,synthetic_multinomial_from_conditioned_operating_truth
2004,all,26,0.0014388489208633094,695,synthetic_multinomial_from_conditioned_operating_truth
2004,all,27,0.0014388489208633094,695,synthetic_multinomial_from_conditioned_operating_truth
2004,all,28,0.004316546762589928,695,synthetic_multinomial_from_conditioned_operating_truth
2004,all,29,0.0,695,synthetic_multinomial_from_conditioned_operating_truth
2004,all,30,0.0014388489208633094,695,synthetic_multinomial_from_conditioned_operating_truth
2005,all,0,0.0,718,synthetic_multinomial_from_conditioned_operating_truth
2005,all,1,0.0,718,synthetic_multinomial_from_conditioned_operating_truth
2005,all,2,0.0,718,synthetic_multinomial_from_conditioned_operating_truth
2005,all,3,0.0,718,synthetic_multinomial_from_conditioned_operating_truth
2005,all,4,0.001392757660167131,718,synthetic_multinomial_from_conditioned_operating_truth
2005,all,5,0.009749303621169917,718,synthetic_multinomial_from_conditioned_operating_truth
2005,all,6,0.06406685236768803,718,synthetic_multinomial_from_conditioned_operating_truth
2005,all,7,0.12534818941504178,718,synthetic_multinomial_from_conditioned_operating_truth
2005,all,8,0.18384401114206128,718,synthetic_multinomial_from_conditioned_operating_truth
2005,all,9,0.14484679665738162,718,synthetic_multinomial_from_conditioned_operating_truth
2005,all,10,0.14066852367688024,718,synthetic_multinomial_from_conditioned_operating_truth
2005,all,11,0.10027855153203342,718,synthetic_multinomial_from_conditioned_operating_truth
2005,all,12,0.04456824512534819,718,synthetic_multinomial_from_conditioned_operating_truth
2005,all,13,0.03899721448467967,718,synthetic_multinomial_from_conditioned_operating_truth
2005,all,14,0.025069637883008356,718,synthetic_multinomial_from_conditioned_operating_truth
2005,all,15,0.022284122562674095,718,synthetic_multinomial_from_conditioned_operating_truth
2005,all,16,0.019498607242339833,718,synthetic_multinomial_from_conditioned_operating_truth
2005,all,17,0.013927576601671309,718,synthetic_multinomial_from_conditioned_operating_truth
2005,all,18,0.013927576601671309,718,synthetic_multinomial_from_conditioned_operating_truth
2005,all,19,0.013927576601671309,718,synthetic_multinomial_from_conditioned_operating_truth
2005,all,20,0.009749303621169917,718,synthetic_multinomial_from_conditioned_operating_truth
2005,all,21,0.004178272980501393,718,synthetic_multinomial_from_conditioned_operating_truth
2005,all,22,0.004178272980501393,718,synthetic_multinomial_from_conditioned_operating_truth
2005,all,23,0.006963788300835654,718,synthetic_multinomial_from_conditioned_operating_truth
2005,all,24,0.001392757660167131,718,synthetic_multinomial_from_conditioned_operating_truth
2005,all,25,0.001392757660167131,718,synthetic_multinomial_from_conditioned_operating_truth
2005,all,26,0.0,718,synthetic_multinomial_from_conditioned_operating_truth
2005,all,27,0.0,718,synthetic_multinomial_from_conditioned_operating_truth
2005,all,28,0.0,718,synthetic_multinomial_from_conditioned_operating_truth
2005,all,29,0.005571030640668524,718,synthetic_multinomial_from_conditioned_operating_truth
2005,all,30,0.004178272980501393,718,synthetic_multinomial_from_conditioned_operating_truth
2006,all,0,0.0,362,synthetic_multinomial_from_conditioned_operating_truth
2006,all,1,0.0,362,synthetic_multinomial_from_conditioned_operating_truth
2006,all,2,0.0,362,synthetic_multinomial_from_conditioned_operating_truth
2006,all,3,0.0,362,synthetic_multinomial_from_conditioned_operating_truth
2006,all,4,0.0,362,synthetic_multinomial_from_conditioned_operating_truth
2006,all,5,0.024861878453038673,362,synthetic_multinomial_from_conditioned_operating_truth
2006,all,6,0.027624309392265192,362,synthetic_multinomial_from_conditioned_operating_truth
2006,all,7,0.09668508287292818,362,synthetic_multinomial_from_conditioned_operating_truth
2006,all,8,0.1298342541436464,362,synthetic_multinomial_from_conditioned_operating_truth
2006,all,9,0.20718232044198895,362,synthetic_multinomial_from_conditioned_operating_truth
2006,all,10,0.13812154696132597,362,synthetic_multinomial_from_conditioned_operating_truth
2006,all,11,0.1132596685082873,362,synthetic_multinomial_from_conditioned_operating_truth
2006,all,12,0.06629834254143646,362,synthetic_multinomial_from_conditioned_operating_truth
2006,all,13,0.055248618784530384,362,synthetic_multinomial_from_conditioned_operating_truth
2006,all,14,0.03591160220994475,362,synthetic_multinomial_from_conditioned_operating_truth
2006,all,15,0.03038674033149171,362,synthetic_multinomial_from_conditioned_operating_truth
2006,all,16,0.019337016574585635,362,synthetic_multinomial_from_conditioned_operating_truth
2006,all,17,0.013812154696132596,362,synthetic_multinomial_from_conditioned_operating_truth
2006,all,18,0.016574585635359115,362,synthetic_multinomial_from_conditioned_operating_truth
2006,all,19,0.0027624309392265192,362,synthetic_multinomial_from_conditioned_operating_truth
2006,all,20,0.0,362,synthetic_multinomial_from_conditioned_operating_truth
2006,all,21,0.0,362,synthetic_multinomial_from_conditioned_operating_truth
2006,all,22,0.0027624309392265192,362,synthetic_multinomial_from_conditioned_operating_truth
2006,all,23,0.0027624309392265192,362,synthetic_multinomial_from_conditioned_operating_truth
2006,all,24,0.0055248618784530384,362,synthetic_multinomial_from_conditioned_operating_truth
2006,all,25,0.0,362,synthetic_multinomial_from_conditioned_operating_truth
2006,all,26,0.0027624309392265192,362,synthetic_multinomial_from_conditioned_operating_truth
2006,all,27,0.0,362,synthetic_multinomial_from_conditioned_operating_truth
2006,all,28,0.0,362,synthetic_multinomial_from_conditioned_operating_truth
2006,all,29,0.0,362,synthetic_multinomial_from_conditioned_operating_truth
2006,all,30,0.008287292817679558,362,synthetic_multinomial_from_conditioned_operating_truth
2007,all,0,0.0,998,synthetic_multinomial_from_conditioned_operating_truth
2007,all,1,0.0,998,synthetic_multinomial_from_conditioned_operating_truth
2007,all,2,0.0,998,synthetic_multinomial_from_conditioned_operating_truth
2007,all,3,0.0,998,synthetic_multinomial_from_conditioned_operating_truth
2007,all,4,0.001002004008016032,998,synthetic_multinomial_from_conditioned_operating_truth
2007,all,5,0.033066132264529056,998,synthetic_multinomial_from_conditioned_operating_truth
2007,all,6,0.09018036072144289,998,synthetic_multinomial_from_conditioned_operating_truth
2007,all,7,0.10120240480961924,998,synthetic_multinomial_from_conditioned_operating_truth
2007,all,8,0.11523046092184369,998,synthetic_multinomial_from_conditioned_operating_truth
2007,all,9,0.1342685370741483,998,synthetic_multinomial_from_conditioned_operating_truth
2007,all,10,0.12024048096192384,998,synthetic_multinomial_from_conditioned_operating_truth
2007,all,11,0.10120240480961924,998,synthetic_multinomial_from_conditioned_operating_truth
2007,all,12,0.08817635270541083,998,synthetic_multinomial_from_conditioned_operating_truth
2007,all,13,0.050100200400801605,998,synthetic_multinomial_from_conditioned_operating_truth
2007,all,14,0.05711422845691383,998,synthetic_multinomial_from_conditioned_operating_truth
2007,all,15,0.033066132264529056,998,synthetic_multinomial_from_conditioned_operating_truth
2007,all,16,0.017034068136272545,998,synthetic_multinomial_from_conditioned_operating_truth
2007,all,17,0.01603206412825651,998,synthetic_multinomial_from_conditioned_operating_truth
2007,all,18,0.009018036072144289,998,synthetic_multinomial_from_conditioned_operating_truth
2007,all,19,0.003006012024048096,998,synthetic_multinomial_from_conditioned_operating_truth
2007,all,20,0.0070140280561122245,998,synthetic_multinomial_from_conditioned_operating_truth
2007,all,21,0.00501002004008016,998,synthetic_multinomial_from_conditioned_operating_truth
2007,all,22,0.004008016032064128,998,synthetic_multinomial_from_conditioned_operating_truth
2007,all,23,0.006012024048096192,998,synthetic_multinomial_from_conditioned_operating_truth
2007,all,24,0.002004008016032064,998,synthetic_multinomial_from_conditioned_operating_truth
2007,all,25,0.001002004008016032,998,synthetic_multinomial_from_conditioned_operating_truth
2007,all,26,0.001002004008016032,998,synthetic_multinomial_from_conditioned_operating_truth
2007,all,27,0.0,998,synthetic_multinomial_from_conditioned_operating_truth
2007,all,28,0.001002004008016032,998,synthetic_multinomial_from_conditioned_operating_truth
2007,all,29,0.0,998,synthetic_multinomial_from_conditioned_operating_truth
2007,all,30,0.003006012024048096,998,synthetic_multinomial_from_conditioned_operating_truth
2008,all,0,0.0,1458,synthetic_multinomial_from_conditioned_operating_truth
2008,all,1,0.0,1458,synthetic_multinomial_from_conditioned_operating_truth
2008,all,2,0.0,1458,synthetic_multinomial_from_conditioned_operating_truth
2008,all,3,0.0006858710562414266,1458,synthetic_multinomial_from_conditioned_operating_truth
2008,all,4,0.00411522633744856,1458,synthetic_multinomial_from_conditioned_operating_truth
2008,all,5,0.04183813443072702,1458,synthetic_multinomial_from_conditioned_operating_truth
2008,all,6,0.11042524005486969,1458,synthetic_multinomial_from_conditioned_operating_truth
2008,all,7,0.11385459533607682,1458,synthetic_multinomial_from_conditioned_operating_truth
2008,all,8,0.07818930041152264,1458,synthetic_multinomial_from_conditioned_operating_truth
2008,all,9,0.10356652949245541,1458,synthetic_multinomial_from_conditioned_operating_truth
2008,all,10,0.08299039780521263,1458,synthetic_multinomial_from_conditioned_operating_truth
2008,all,11,0.11042524005486969,1458,synthetic_multinomial_from_conditioned_operating_truth
2008,all,12,0.0877914951989026,1458,synthetic_multinomial_from_conditioned_operating_truth
2008,all,13,0.06515775034293553,1458,synthetic_multinomial_from_conditioned_operating_truth
2008,all,14,0.059670781893004114,1458,synthetic_multinomial_from_conditioned_operating_truth
2008,all,15,0.0438957475994513,1458,synthetic_multinomial_from_conditioned_operating_truth
2008,all,16,0.02263374485596708,1458,synthetic_multinomial_from_conditioned_operating_truth
2008,all,17,0.017146776406035666,1458,synthetic_multinomial_from_conditioned_operating_truth
2008,all,18,0.017146776406035666,1458,synthetic_multinomial_from_conditioned_operating_truth
2008,all,19,0.006172839506172839,1458,synthetic_multinomial_from_conditioned_operating_truth
2008,all,20,0.006172839506172839,1458,synthetic_multinomial_from_conditioned_operating_truth
2008,all,21,0.006858710562414266,1458,synthetic_multinomial_from_conditioned_operating_truth
2008,all,22,0.0027434842249657062,1458,synthetic_multinomial_from_conditioned_operating_truth
2008,all,23,0.00411522633744856,1458,synthetic_multinomial_from_conditioned_operating_truth
2008,all,24,0.004801097393689987,1458,synthetic_multinomial_from_conditioned_operating_truth
2008,all,25,0.0013717421124828531,1458,synthetic_multinomial_from_conditioned_operating_truth
2008,all,26,0.00205761316872428,1458,synthetic_multinomial_from_conditioned_operating_truth
2008,all,27,0.0006858710562414266,1458,synthetic_multinomial_from_conditioned_operating_truth
2008,all,28,0.0006858710562414266,1458,synthetic_multinomial_from_conditioned_operating_truth
2008,all,29,0.0,1458,synthetic_multinomial_from_conditioned_operating_truth
2008,all,30,0.004801097393689987,1458,synthetic_multinomial_from_conditioned_operating_truth
2009,all,0,0.0,1264,synthetic_multinomial_from_conditioned_operating_truth
2009,all,1,0.0,1264,synthetic_multinomial_from_conditioned_operating_truth
2009,all,2,0.0,1264,synthetic_multinomial_from_conditioned_operating_truth
2009,all,3,0.0,1264,synthetic_multinomial_from_conditioned_operating_truth
2009,all,4,0.0023734177215189874,1264,synthetic_multinomial_from_conditioned_operating_truth
2009,all,5,0.030854430379746837,1264,synthetic_multinomial_from_conditioned_operating_truth
2009,all,6,0.15268987341772153,1264,synthetic_multinomial_from_conditioned_operating_truth
2009,all,7,0.18829113924050633,1264,synthetic_multinomial_from_conditioned_operating_truth
2009,all,8,0.09968354430379747,1264,synthetic_multinomial_from_conditioned_operating_truth
2009,all,9,0.07753164556962025,1264,synthetic_multinomial_from_conditioned_operating_truth
2009,all,10,0.08465189873417721,1264,synthetic_multinomial_from_conditioned_operating_truth
2009,all,11,0.07753164556962025,1264,synthetic_multinomial_from_conditioned_operating_truth
2009,all,12,0.07753164556962025,1264,synthetic_multinomial_from_conditioned_operating_truth
2009,all,13,0.048259493670886076,1264,synthetic_multinomial_from_conditioned_operating_truth
2009,all,14,0.03481012658227848,1264,synthetic_multinomial_from_conditioned_operating_truth
2009,all,15,0.030063291139240507,1264,synthetic_multinomial_from_conditioned_operating_truth
2009,all,16,0.020569620253164556,1264,synthetic_multinomial_from_conditioned_operating_truth
2009,all,17,0.014240506329113924,1264,synthetic_multinomial_from_conditioned_operating_truth
2009,all,18,0.012658227848101266,1264,synthetic_multinomial_from_conditioned_operating_truth
2009,all,19,0.013449367088607595,1264,synthetic_multinomial_from_conditioned_operating_truth
2009,all,20,0.004746835443037975,1264,synthetic_multinomial_from_conditioned_operating_truth
2009,all,21,0.006329113924050633,1264,synthetic_multinomial_from_conditioned_operating_truth
2009,all,22,0.0031645569620253164,1264,synthetic_multinomial_from_conditioned_operating_truth
2009,all,23,0.0031645569620253164,1264,synthetic_multinomial_from_conditioned_operating_truth
2009,all,24,0.0031645569620253164,1264,synthetic_multinomial_from_conditioned_operating_truth
2009,all,25,0.0023734177215189874,1264,synthetic_multinomial_from_conditioned_operating_truth
2009,all,26,0.004746835443037975,1264,synthetic_multinomial_from_conditioned_operating_truth
2009,all,27,0.0023734177215189874,1264,synthetic_multinomial_from_conditioned_operating_truth
2009,all,28,0.0,1264,synthetic_multinomial_from_conditioned_operating_truth
2009,all,29,0.0,1264,synthetic_multinomial_from_conditioned_operating_truth
2009,all,30,0.004746835443037975,1264,synthetic_multinomial_from_conditioned_operating_truth
2010,all,0,0.0,1421,synthetic_multinomial_from_conditioned_operating_truth
2010,all,1,0.0,1421,synthetic_multinomial_from_conditioned_operating_truth
2010,all,2,0.0,1421,synthetic_multinomial_from_conditioned_operating_truth
2010,all,3,0.0007037297677691766,1421,synthetic_multinomial_from_conditioned_operating_truth
2010,all,4,0.0014074595355383533,1421,synthetic_multinomial_from_conditioned_operating_truth
2010,all,5,0.036593947923997186,1421,synthetic_multinomial_from_conditioned_operating_truth
2010,all,6,0.11189303307529909,1421,synthetic_multinomial_from_conditioned_operating_truth
2010,all,7,0.2076002814919071,1421,synthetic_multinomial_from_conditioned_operating_truth
2010,all,8,0.1660802251935257,1421,synthetic_multinomial_from_conditioned_operating_truth
2010,all,9,0.08937368050668543,1421,synthetic_multinomial_from_conditioned_operating_truth
2010,all,10,0.04785362420830401,1421,synthetic_multinomial_from_conditioned_operating_truth
2010,all,11,0.05348346235045742,1421,synthetic_multinomial_from_conditioned_operating_truth
2010,all,12,0.043631245601688955,1421,synthetic_multinomial_from_conditioned_operating_truth
2010,all,13,0.057705840957072485,1421,synthetic_multinomial_from_conditioned_operating_truth
2010,all,14,0.04433497536945813,1421,synthetic_multinomial_from_conditioned_operating_truth
2010,all,15,0.04081632653061224,1421,synthetic_multinomial_from_conditioned_operating_truth
2010,all,16,0.028149190710767064,1421,synthetic_multinomial_from_conditioned_operating_truth
2010,all,17,0.011259676284306826,1421,synthetic_multinomial_from_conditioned_operating_truth
2010,all,18,0.01618578465869106,1421,synthetic_multinomial_from_conditioned_operating_truth
2010,all,19,0.011259676284306826,1421,synthetic_multinomial_from_conditioned_operating_truth
2010,all,20,0.0049261083743842365,1421,synthetic_multinomial_from_conditioned_operating_truth
2010,all,21,0.0049261083743842365,1421,synthetic_multinomial_from_conditioned_operating_truth
2010,all,22,0.0049261083743842365,1421,synthetic_multinomial_from_conditioned_operating_truth
2010,all,23,0.0007037297677691766,1421,synthetic_multinomial_from_conditioned_operating_truth
2010,all,24,0.00211118930330753,1421,synthetic_multinomial_from_conditioned_operating_truth
2010,all,25,0.0028149190710767065,1421,synthetic_multinomial_from_conditioned_operating_truth
2010,all,26,0.0007037297677691766,1421,synthetic_multinomial_from_conditioned_operating_truth
2010,all,27,0.00422237860661506,1421,synthetic_multinomial_from_conditioned_operating_truth
2010,all,28,0.00211118930330753,1421,synthetic_multinomial_from_conditioned_operating_truth
2010,all,29,0.0,1421,synthetic_multinomial_from_conditioned_operating_truth
2010,all,30,0.00422237860661506,1421,synthetic_multinomial_from_conditioned_operating_truth
2011,all,0,0.0,1832,synthetic_multinomial_from_conditioned_operating_truth
2011,all,1,0.0,1832,synthetic_multinomial_from_conditioned_operating_truth
2011,all,2,0.0,1832,synthetic_multinomial_from_conditioned_operating_truth
2011,all,3,0.001091703056768559,1832,synthetic_multinomial_from_conditioned_operating_truth
2011,all,4,0.0054585152838427945,1832,synthetic_multinomial_from_conditioned_operating_truth
2011,all,5,0.028384279475982533,1832,synthetic_multinomial_from_conditioned_operating_truth
2011,all,6,0.10971615720524018,1832,synthetic_multinomial_from_conditioned_operating_truth
2011,all,7,0.18013100436681223,1832,synthetic_multinomial_from_conditioned_operating_truth
2011,all,8,0.2019650655021834,1832,synthetic_multinomial_from_conditioned_operating_truth
2011,all,9,0.11299126637554585,1832,synthetic_multinomial_from_conditioned_operating_truth
2011,all,10,0.07587336244541484,1832,synthetic_multinomial_from_conditioned_operating_truth
2011,all,11,0.03657205240174673,1832,synthetic_multinomial_from_conditioned_operating_truth
2011,all,12,0.035480349344978165,1832,synthetic_multinomial_from_conditioned_operating_truth
2011,all,13,0.035480349344978165,1832,synthetic_multinomial_from_conditioned_operating_truth
2011,all,14,0.04967248908296943,1832,synthetic_multinomial_from_conditioned_operating_truth
2011,all,15,0.028384279475982533,1832,synthetic_multinomial_from_conditioned_operating_truth
2011,all,16,0.02947598253275109,1832,synthetic_multinomial_from_conditioned_operating_truth
2011,all,17,0.018558951965065504,1832,synthetic_multinomial_from_conditioned_operating_truth
2011,all,18,0.014737991266375546,1832,synthetic_multinomial_from_conditioned_operating_truth
2011,all,19,0.006550218340611353,1832,synthetic_multinomial_from_conditioned_operating_truth
2011,all,20,0.008187772925764192,1832,synthetic_multinomial_from_conditioned_operating_truth
2011,all,21,0.004366812227074236,1832,synthetic_multinomial_from_conditioned_operating_truth
2011,all,22,0.0027292576419213972,1832,synthetic_multinomial_from_conditioned_operating_truth
2011,all,23,0.002183406113537118,1832,synthetic_multinomial_from_conditioned_operating_truth
2011,all,24,0.0016375545851528383,1832,synthetic_multinomial_from_conditioned_operating_truth
2011,all,25,0.002183406113537118,1832,synthetic_multinomial_from_conditioned_operating_truth
2011,all,26,0.002183406113537118,1832,synthetic_multinomial_from_conditioned_operating_truth
2011,all,27,0.0016375545851528383,1832,synthetic_multinomial_from_conditioned_operating_truth
2011,all,28,0.0005458515283842794,1832,synthetic_multinomial_from_conditioned_operating_truth
2011,all,29,0.0,1832,synthetic_multinomial_from_conditioned_operating_truth
2011,all,30,0.003820960698689956,1832,synthetic_multinomial_from_conditioned_operating_truth
2012,all,0,0.0,1635,synthetic_multinomial_from_conditioned_operating_truth
2012,all,1,0.0,1635,synthetic_multinomial_from_conditioned_operating_truth
2012,all,2,0.0,1635,synthetic_multinomial_from_conditioned_operating_truth
2012,all,3,0.0,1635,synthetic_multinomial_from_conditioned_operating_truth
2012,all,4,0.004892966360856269,1635,synthetic_multinomial_from_conditioned_operating_truth
2012,all,5,0.03669724770642202,1635,synthetic_multinomial_from_conditioned_operating_truth
2012,all,6,0.09724770642201835,1635,synthetic_multinomial_from_conditioned_operating_truth
2012,all,7,0.1651376146788991,1635,synthetic_multinomial_from_conditioned_operating_truth
2012,all,8,0.1981651376146789,1635,synthetic_multinomial_from_conditioned_operating_truth
2012,all,9,0.163302752293578,1635,synthetic_multinomial_from_conditioned_operating_truth
2012,all,10,0.09541284403669725,1635,synthetic_multinomial_from_conditioned_operating_truth
2012,all,11,0.04342507645259939,1635,synthetic_multinomial_from_conditioned_operating_truth
2012,all,12,0.029357798165137616,1635,synthetic_multinomial_from_conditioned_operating_truth
2012,all,13,0.025688073394495414,1635,synthetic_multinomial_from_conditioned_operating_truth
2012,all,14,0.027522935779816515,1635,synthetic_multinomial_from_conditioned_operating_truth
2012,all,15,0.03058103975535168,1635,synthetic_multinomial_from_conditioned_operating_truth
2012,all,16,0.01529051987767584,1635,synthetic_multinomial_from_conditioned_operating_truth
2012,all,17,0.020795107033639144,1635,synthetic_multinomial_from_conditioned_operating_truth
2012,all,18,0.017737003058103974,1635,synthetic_multinomial_from_conditioned_operating_truth
2012,all,19,0.00856269113149847,1635,synthetic_multinomial_from_conditioned_operating_truth
2012,all,20,0.007339449541284404,1635,synthetic_multinomial_from_conditioned_operating_truth
2012,all,21,0.0030581039755351682,1635,synthetic_multinomial_from_conditioned_operating_truth
2012,all,22,0.003669724770642202,1635,synthetic_multinomial_from_conditioned_operating_truth
2012,all,23,0.0006116207951070336,1635,synthetic_multinomial_from_conditioned_operating_truth
2012,all,24,0.0006116207951070336,1635,synthetic_multinomial_from_conditioned_operating_truth
2012,all,25,0.0006116207951070336,1635,synthetic_multinomial_from_conditioned_operating_truth
2012,all,26,0.001834862385321101,1635,synthetic_multinomial_from_conditioned_operating_truth
2012,all,27,0.0012232415902140672,1635,synthetic_multinomial_from_conditioned_operating_truth
2012,all,28,0.0,1635,synthetic_multinomial_from_conditioned_operating_truth
2012,all,29,0.0,1635,synthetic_multinomial_from_conditioned_operating_truth
2012,all,30,0.0012232415902140672,1635,synthetic_multinomial_from_conditioned_operating_truth
2013,all,0,0.0,1891,synthetic_multinomial_from_conditioned_operating_truth
2013,all,1,0.0,1891,synthetic_multinomial_from_conditioned_operating_truth
2013,all,2,0.0,1891,synthetic_multinomial_from_conditioned_operating_truth
2013,all,3,0.0005288207297726071,1891,synthetic_multinomial_from_conditioned_operating_truth
2013,all,4,0.006345848757271285,1891,synthetic_multinomial_from_conditioned_operating_truth
2013,all,5,0.04336329984135378,1891,synthetic_multinomial_from_conditioned_operating_truth
2013,all,6,0.1285034373347435,1891,synthetic_multinomial_from_conditioned_operating_truth
2013,all,7,0.1417239555790587,1891,synthetic_multinomial_from_conditioned_operating_truth
2013,all,8,0.15758857747223692,1891,synthetic_multinomial_from_conditioned_operating_truth
2013,all,9,0.14383923849814914,1891,synthetic_multinomial_from_conditioned_operating_truth
2013,all,10,0.11845584346906399,1891,synthetic_multinomial_from_conditioned_operating_truth
2013,all,11,0.07244843997884717,1891,synthetic_multinomial_from_conditioned_operating_truth
2013,all,12,0.04019037546271814,1891,synthetic_multinomial_from_conditioned_operating_truth
2013,all,13,0.020624008461131677,1891,synthetic_multinomial_from_conditioned_operating_truth
2013,all,14,0.020624008461131677,1891,synthetic_multinomial_from_conditioned_operating_truth
2013,all,15,0.020624008461131677,1891,synthetic_multinomial_from_conditioned_operating_truth
2013,all,16,0.01850872554204125,1891,synthetic_multinomial_from_conditioned_operating_truth
2013,all,17,0.019037546271813855,1891,synthetic_multinomial_from_conditioned_operating_truth
2013,all,18,0.012162876784769964,1891,synthetic_multinomial_from_conditioned_operating_truth
2013,all,19,0.010576414595452142,1891,synthetic_multinomial_from_conditioned_operating_truth
2013,all,20,0.006874669487043892,1891,synthetic_multinomial_from_conditioned_operating_truth
2013,all,21,0.0037017451084082496,1891,synthetic_multinomial_from_conditioned_operating_truth
2013,all,22,0.0031729243786356425,1891,synthetic_multinomial_from_conditioned_operating_truth
2013,all,23,0.0037017451084082496,1891,synthetic_multinomial_from_conditioned_operating_truth
2013,all,24,0.0015864621893178213,1891,synthetic_multinomial_from_conditioned_operating_truth
2013,all,25,0.0010576414595452142,1891,synthetic_multinomial_from_conditioned_operating_truth
2013,all,26,0.0010576414595452142,1891,synthetic_multinomial_from_conditioned_operating_truth
2013,all,27,0.0010576414595452142,1891,synthetic_multinomial_from_conditioned_operating_truth
2013,all,28,0.0,1891,synthetic_multinomial_from_conditioned_operating_truth
2013,all,29,0.0005288207297726071,1891,synthetic_multinomial_from_conditioned_operating_truth
2013,all,30,0.0021152829190904283,1891,synthetic_multinomial_from_conditioned_operating_truth
2014,all,0,0.0,1725,synthetic_multinomial_from_conditioned_operating_truth
2014,all,1,0.0,1725,synthetic_multinomial_from_conditioned_operating_truth
2014,all,2,0.0,1725,synthetic_multinomial_from_conditioned_operating_truth
2014,all,3,0.0,1725,synthetic_multinomial_from_conditioned_operating_truth
2014,all,4,0.006376811594202898,1725,synthetic_multinomial_from_conditioned_operating_truth
2014,all,5,0.05565217391304348,1725,synthetic_multinomial_from_conditioned_operating_truth
2014,all,6,0.1472463768115942,1725,synthetic_multinomial_from_conditioned_operating_truth
2014,all,7,0.19014492753623188,1725,synthetic_multinomial_from_conditioned_operating_truth
2014,all,8,0.12,1725,synthetic_multinomial_from_conditioned_operating_truth
2014,all,9,0.11536231884057971,1725,synthetic_multinomial_from_conditioned_operating_truth
2014,all,10,0.09217391304347826,1725,synthetic_multinomial_from_conditioned_operating_truth
2014,all,11,0.09159420289855072,1725,synthetic_multinomial_from_conditioned_operating_truth
2014,all,12,0.04521739130434783,1725,synthetic_multinomial_from_conditioned_operating_truth
2014,all,13,0.028405797101449276,1725,synthetic_multinomial_from_conditioned_operating_truth
2014,all,14,0.01391304347826087,1725,synthetic_multinomial_from_conditioned_operating_truth
2014,all,15,0.019130434782608695,1725,synthetic_multinomial_from_conditioned_operating_truth
2014,all,16,0.010434782608695653,1725,synthetic_multinomial_from_conditioned_operating_truth
2014,all,17,0.016231884057971015,1725,synthetic_multinomial_from_conditioned_operating_truth
2014,all,18,0.011594202898550725,1725,synthetic_multinomial_from_conditioned_operating_truth
2014,all,19,0.008695652173913044,1725,synthetic_multinomial_from_conditioned_operating_truth
2014,all,20,0.006956521739130435,1725,synthetic_multinomial_from_conditioned_operating_truth
2014,all,21,0.004057971014492754,1725,synthetic_multinomial_from_conditioned_operating_truth
2014,all,22,0.00463768115942029,1725,synthetic_multinomial_from_conditioned_operating_truth
2014,all,23,0.002898550724637681,1725,synthetic_multinomial_from_conditioned_operating_truth
2014,all,24,0.0017391304347826088,1725,synthetic_multinomial_from_conditioned_operating_truth
2014,all,25,0.0011594202898550724,1725,synthetic_multinomial_from_conditioned_operating_truth
2014,all,26,0.0034782608695652175,1725,synthetic_multinomial_from_conditioned_operating_truth
2014,all,27,0.0005797101449275362,1725,synthetic_multinomial_from_conditioned_operating_truth
2014,all,28,0.0011594202898550724,1725,synthetic_multinomial_from_conditioned_operating_truth
2014,all,29,0.0,1725,synthetic_multinomial_from_conditioned_operating_truth
2014,all,30,0.0011594202898550724,1725,synthetic_multinomial_from_conditioned_operating_truth
2015,all,0,0.0,2050,synthetic_multinomial_from_conditioned_operating_truth
2015,all,1,0.0,2050,synthetic_multinomial_from_conditioned_operating_truth
2015,all,2,0.0,2050,synthetic_multinomial_from_conditioned_operating_truth
2015,all,3,0.000975609756097561,2050,synthetic_multinomial_from_conditioned_operating_truth
2015,all,4,0.0024390243902439024,2050,synthetic_multinomial_from_conditioned_operating_truth
2015,all,5,0.03902439024390244,2050,synthetic_multinomial_from_conditioned_operating_truth
2015,all,6,0.17512195121951218,2050,synthetic_multinomial_from_conditioned_operating_truth
2015,all,7,0.20243902439024392,2050,synthetic_multinomial_from_conditioned_operating_truth
2015,all,8,0.15073170731707317,2050,synthetic_multinomial_from_conditioned_operating_truth
2015,all,9,0.08487804878048781,2050,synthetic_multinomial_from_conditioned_operating_truth
2015,all,10,0.08439024390243903,2050,synthetic_multinomial_from_conditioned_operating_truth
2015,all,11,0.07609756097560975,2050,synthetic_multinomial_from_conditioned_operating_truth
2015,all,12,0.06292682926829268,2050,synthetic_multinomial_from_conditioned_operating_truth
2015,all,13,0.02926829268292683,2050,synthetic_multinomial_from_conditioned_operating_truth
2015,all,14,0.018048780487804877,2050,synthetic_multinomial_from_conditioned_operating_truth
2015,all,15,0.011707317073170732,2050,synthetic_multinomial_from_conditioned_operating_truth
2015,all,16,0.009268292682926829,2050,synthetic_multinomial_from_conditioned_operating_truth
2015,all,17,0.010731707317073172,2050,synthetic_multinomial_from_conditioned_operating_truth
2015,all,18,0.010731707317073172,2050,synthetic_multinomial_from_conditioned_operating_truth
2015,all,19,0.007804878048780488,2050,synthetic_multinomial_from_conditioned_operating_truth
2015,all,20,0.004390243902439025,2050,synthetic_multinomial_from_conditioned_operating_truth
2015,all,21,0.004390243902439025,2050,synthetic_multinomial_from_conditioned_operating_truth
2015,all,22,0.004878048780487805,2050,synthetic_multinomial_from_conditioned_operating_truth
2015,all,23,0.0034146341463414634,2050,synthetic_multinomial_from_conditioned_operating_truth
2015,all,24,0.0,2050,synthetic_multinomial_from_conditioned_operating_truth
2015,all,25,0.0014634146341463415,2050,synthetic_multinomial_from_conditioned_operating_truth
2015,all,26,0.0004878048780487805,2050,synthetic_multinomial_from_conditioned_operating_truth
2015,all,27,0.0,2050,synthetic_multinomial_from_conditioned_operating_truth
2015,all,28,0.000975609756097561,2050,synthetic_multinomial_from_conditioned_operating_truth
2015,all,29,0.0004878048780487805,2050,synthetic_multinomial_from_conditioned_operating_truth
2015,all,30,0.002926829268292683,2050,synthetic_multinomial_from_conditioned_operating_truth
2016,all,0,0.0,1517,synthetic_multinomial_from_conditioned_operating_truth
2016,all,1,0.0,1517,synthetic_multinomial_from_conditioned_operating_truth
2016,all,2,0.0,1517,synthetic_multinomial_from_conditioned_operating_truth
2016,all,3,0.0,1517,synthetic_multinomial_from_conditioned_operating_truth
2016,all,4,0.0026367831245880024,1517,synthetic_multinomial_from_conditioned_operating_truth
2016,all,5,0.03889255108767304,1517,synthetic_multinomial_from_conditioned_operating_truth
2016,all,6,0.17270929466051418,1517,synthetic_multinomial_from_conditioned_operating_truth
2016,all,7,0.2564271588661833,1517,synthetic_multinomial_from_conditioned_operating_truth
2016,all,8,0.17336849044166117,1517,synthetic_multinomial_from_conditioned_operating_truth
2016,all,9,0.1041529334212261,1517,synthetic_multinomial_from_conditioned_operating_truth
2016,all,10,0.06394199077125906,1517,synthetic_multinomial_from_conditioned_operating_truth
2016,all,11,0.05207646671061305,1517,synthetic_multinomial_from_conditioned_operating_truth
2016,all,12,0.03823335530652604,1517,synthetic_multinomial_from_conditioned_operating_truth
2016,all,13,0.02966381015161503,1517,synthetic_multinomial_from_conditioned_operating_truth
2016,all,14,0.02043506921555702,1517,synthetic_multinomial_from_conditioned_operating_truth
2016,all,15,0.011865524060646011,1517,synthetic_multinomial_from_conditioned_operating_truth
2016,all,16,0.007910349373764008,1517,synthetic_multinomial_from_conditioned_operating_truth
2016,all,17,0.005273566249176005,1517,synthetic_multinomial_from_conditioned_operating_truth
2016,all,18,0.001977587343441002,1517,synthetic_multinomial_from_conditioned_operating_truth
2016,all,19,0.0065919578114700065,1517,synthetic_multinomial_from_conditioned_operating_truth
2016,all,20,0.003955174686882004,1517,synthetic_multinomial_from_conditioned_operating_truth
2016,all,21,0.0032959789057350032,1517,synthetic_multinomial_from_conditioned_operating_truth
2016,all,22,0.0026367831245880024,1517,synthetic_multinomial_from_conditioned_operating_truth
2016,all,23,0.0013183915622940012,1517,synthetic_multinomial_from_conditioned_operating_truth
2016,all,24,0.0006591957811470006,1517,synthetic_multinomial_from_conditioned_operating_truth
2016,all,25,0.0006591957811470006,1517,synthetic_multinomial_from_conditioned_operating_truth
2016,all,26,0.0,1517,synthetic_multinomial_from_conditioned_operating_truth
2016,all,27,0.0,1517,synthetic_multinomial_from_conditioned_operating_truth
2016,all,28,0.0013183915622940012,1517,synthetic_multinomial_from_conditioned_operating_truth
2016,all,29,0.0,1517,synthetic_multinomial_from_conditioned_operating_truth
2016,all,30,0.0,1517,synthetic_multinomial_from_conditioned_operating_truth
2017,all,0,0.0,883,synthetic_multinomial_from_conditioned_operating_truth
2017,all,1,0.0,883,synthetic_multinomial_from_conditioned_operating_truth
2017,all,2,0.0,883,synthetic_multinomial_from_conditioned_operating_truth
2017,all,3,0.0,883,synthetic_multinomial_from_conditioned_operating_truth
2017,all,4,0.0033975084937712344,883,synthetic_multinomial_from_conditioned_operating_truth
2017,all,5,0.02944507361268403,883,synthetic_multinomial_from_conditioned_operating_truth
2017,all,6,0.13703284258210646,883,synthetic_multinomial_from_conditioned_operating_truth
2017,all,7,0.18912797281993204,883,synthetic_multinomial_from_conditioned_operating_truth
2017,all,8,0.2129105322763307,883,synthetic_multinomial_from_conditioned_operating_truth
2017,all,9,0.12117780294450736,883,synthetic_multinomial_from_conditioned_operating_truth
2017,all,10,0.09060022650056625,883,synthetic_multinomial_from_conditioned_operating_truth
2017,all,11,0.056625141562853906,883,synthetic_multinomial_from_conditioned_operating_truth
2017,all,12,0.03397508493771234,883,synthetic_multinomial_from_conditioned_operating_truth
2017,all,13,0.03397508493771234,883,synthetic_multinomial_from_conditioned_operating_truth
2017,all,14,0.02378255945639864,883,synthetic_multinomial_from_conditioned_operating_truth
2017,all,15,0.026047565118912798,883,synthetic_multinomial_from_conditioned_operating_truth
2017,all,16,0.010192525481313703,883,synthetic_multinomial_from_conditioned_operating_truth
2017,all,17,0.004530011325028313,883,synthetic_multinomial_from_conditioned_operating_truth
2017,all,18,0.0033975084937712344,883,synthetic_multinomial_from_conditioned_operating_truth
2017,all,19,0.004530011325028313,883,synthetic_multinomial_from_conditioned_operating_truth
2017,all,20,0.004530011325028313,883,synthetic_multinomial_from_conditioned_operating_truth
2017,all,21,0.0022650056625141564,883,synthetic_multinomial_from_conditioned_operating_truth
2017,all,22,0.004530011325028313,883,synthetic_multinomial_from_conditioned_operating_truth
2017,all,23,0.0,883,synthetic_multinomial_from_conditioned_operating_truth
2017,all,24,0.0022650056625141564,883,synthetic_multinomial_from_conditioned_operating_truth
2017,all,25,0.0022650056625141564,883,synthetic_multinomial_from_conditioned_operating_truth
2017,all,26,0.0011325028312570782,883,synthetic_multinomial_from_conditioned_operating_truth
2017,all,27,0.0011325028312570782,883,synthetic_multinomial_from_conditioned_operating_truth
2017,all,28,0.0,883,synthetic_multinomial_from_conditioned_operating_truth
2017,all,29,0.0,883,synthetic_multinomial_from_conditioned_operating_truth
2017,all,30,0.0011325028312570782,883,synthetic_multinomial_from_conditioned_operating_truth
2018,all,0,0.0,181,synthetic_multinomial_from_conditioned_operating_truth
2018,all,1,0.0,181,synthetic_multinomial_from_conditioned_operating_truth
2018,all,2,0.0,181,synthetic_multinomial_from_conditioned_operating_truth
2018,all,3,0.0,181,synthetic_multinomial_from_conditioned_operating_truth
2018,all,4,0.0,181,synthetic_multinomial_from_conditioned_operating_truth
2018,all,5,0.027624309392265192,181,synthetic_multinomial_from_conditioned_operating_truth
2018,all,6,0.1270718232044199,181,synthetic_multinomial_from_conditioned_operating_truth
2018,all,7,0.16022099447513813,181,synthetic_multinomial_from_conditioned_operating_truth
2018,all,8,0.17679558011049723,181,synthetic_multinomial_from_conditioned_operating_truth
2018,all,9,0.20441988950276244,181,synthetic_multinomial_from_conditioned_operating_truth
2018,all,10,0.08287292817679558,181,synthetic_multinomial_from_conditioned_operating_truth
2018,all,11,0.09392265193370165,181,synthetic_multinomial_from_conditioned_operating_truth
2018,all,12,0.03314917127071823,181,synthetic_multinomial_from_conditioned_operating_truth
2018,all,13,0.027624309392265192,181,synthetic_multinomial_from_conditioned_operating_truth
2018,all,14,0.04419889502762431,181,synthetic_multinomial_from_conditioned_operating_truth
2018,all,15,0.0055248618784530384,181,synthetic_multinomial_from_conditioned_operating_truth
2018,all,16,0.0055248618784530384,181,synthetic_multinomial_from_conditioned_operating_truth
2018,all,17,0.0055248618784530384,181,synthetic_multinomial_from_conditioned_operating_truth
2018,all,18,0.0055248618784530384,181,synthetic_multinomial_from_conditioned_operating_truth
2018,all,19,0.0,181,synthetic_multinomial_from_conditioned_operating_truth
2018,all,20,0.0,181,synthetic_multinomial_from_conditioned_operating_truth
2018,all,21,0.0,181,synthetic_multinomial_from_conditioned_operating_truth
2018,all,22,0.0,181,synthetic_multinomial_from_conditioned_operating_truth
2018,all,23,0.0,181,synthetic_multinomial_from_conditioned_operating_truth
2018,all,24,0.0,181,synthetic_multinomial_from_conditioned_operating_truth
2018,all,25,0.0,181,synthetic_multinomial_from_conditioned_operating_truth
2018,all,26,0.0,181,synthetic_multinomial_from_conditioned_operating_truth
2018,all,27,0.0,181,synthetic_multinomial_from_conditioned_operating_truth
2018,all,28,0.0,181,synthetic_multinomial_from_conditioned_operating_truth
2018,all,29,0.0,181,synthetic_multinomial_from_conditioned_operating_truth
2018,all,30,0.0,181,synthetic_multinomial_from_conditioned_operating_truth
2019,all,0,0.0,118,synthetic_multinomial_from_conditioned_operating_truth
2019,all,1,0.0,118,synthetic_multinomial_from_conditioned_operating_truth
2019,all,2,0.0,118,synthetic_multinomial_from_conditioned_operating_truth
2019,all,3,0.0,118,synthetic_multinomial_from_conditioned_operating_truth
2019,all,4,0.00847457627118644,118,synthetic_multinomial_from_conditioned_operating_truth
2019,all,5,0.0,118,synthetic_multinomial_from_conditioned_operating_truth
2019,all,6,0.06779661016949153,118,synthetic_multinomial_from_conditioned_operating_truth
2019,all,7,0.19491525423728814,118,synthetic_multinomial_from_conditioned_operating_truth
2019,all,8,0.1694915254237288,118,synthetic_multinomial_from_conditioned_operating_truth
2019,all,9,0.16101694915254236,118,synthetic_multinomial_from_conditioned_operating_truth
2019,all,10,0.15254237288135594,118,synthetic_multinomial_from_conditioned_operating_truth
2019,all,11,0.07627118644067797,118,synthetic_multinomial_from_conditioned_operating_truth
2019,all,12,0.05084745762711865,118,synthetic_multinomial_from_conditioned_operating_truth
2019,all,13,0.01694915254237288,118,synthetic_multinomial_from_conditioned_operating_truth
2019,all,14,0.03389830508474576,118,synthetic_multinomial_from_conditioned_operating_truth
2019,all,15,0.01694915254237288,118,synthetic_multinomial_from_conditioned_operating_truth
2019,all,16,0.0,118,synthetic_multinomial_from_conditioned_operating_truth
2019,all,17,0.025423728813559324,118,synthetic_multinomial_from_conditioned_operating_truth
2019,all,18,0.0,118,synthetic_multinomial_from_conditioned_operating_truth
2019,all,19,0.0,118,synthetic_multinomial_from_conditioned_operating_truth
2019,all,20,0.0,118,synthetic_multinomial_from_conditioned_operating_truth
2019,all,21,0.00847457627118644,118,synthetic_multinomial_from_conditioned_operating_truth
2019,all,22,0.00847457627118644,118,synthetic_multinomial_from_conditioned_operating_truth
2019,all,23,0.0,118,synthetic_multinomial_from_conditioned_operating_truth
2019,all,24,0.00847457627118644,118,synthetic_multinomial_from_conditioned_operating_truth
2019,all,25,0.0,118,synthetic_multinomial_from_conditioned_operating_truth
2019,all,26,0.0,118,synthetic_multinomial_from_conditioned_operating_truth
2019,all,27,0.0,118,synthetic_multinomial_from_conditioned_operating_truth
2019,all,28,0.0,118,synthetic_multinomial_from_conditioned_operating_truth
2019,all,29,0.0,118,synthetic_multinomial_from_conditioned_operating_truth
2019,all,30,0.0,118,synthetic_multinomial_from_conditioned_operating_truth
2020,all,0,0.0,1577,synthetic_multinomial_from_conditioned_operating_truth
2020,all,1,0.0,1577,synthetic_multinomial_from_conditioned_operating_truth
2020,all,2,0.0,1577,synthetic_multinomial_from_conditioned_operating_truth
2020,all,3,0.0,1577,synthetic_multinomial_from_conditioned_operating_truth
2020,all,4,0.0006341154090044388,1577,synthetic_multinomial_from_conditioned_operating_truth
2020,all,5,0.027266962587190868,1577,synthetic_multinomial_from_conditioned_operating_truth
2020,all,6,0.08560558021559923,1577,synthetic_multinomial_from_conditioned_operating_truth
2020,all,7,0.18389346861128725,1577,synthetic_multinomial_from_conditioned_operating_truth
2020,all,8,0.16296766011414077,1577,synthetic_multinomial_from_conditioned_operating_truth
2020,all,9,0.15852885225110971,1577,synthetic_multinomial_from_conditioned_operating_truth
2020,all,10,0.11984781230183894,1577,synthetic_multinomial_from_conditioned_operating_truth
2020,all,11,0.10589727330374128,1577,synthetic_multinomial_from_conditioned_operating_truth
2020,all,12,0.05136334812935954,1577,synthetic_multinomial_from_conditioned_operating_truth
2020,all,13,0.03170577045022194,1577,synthetic_multinomial_from_conditioned_operating_truth
2020,all,14,0.02155992390615092,1577,synthetic_multinomial_from_conditioned_operating_truth
2020,all,15,0.01585288522511097,1577,synthetic_multinomial_from_conditioned_operating_truth
2020,all,16,0.008877615726062143,1577,synthetic_multinomial_from_conditioned_operating_truth
2020,all,17,0.01077996195307546,1577,synthetic_multinomial_from_conditioned_operating_truth
2020,all,18,0.0031705770450221942,1577,synthetic_multinomial_from_conditioned_operating_truth
2020,all,19,0.0057070386810399495,1577,synthetic_multinomial_from_conditioned_operating_truth
2020,all,20,0.0019023462270133164,1577,synthetic_multinomial_from_conditioned_operating_truth
2020,all,21,0.0006341154090044388,1577,synthetic_multinomial_from_conditioned_operating_truth
2020,all,22,0.0,1577,synthetic_multinomial_from_conditioned_operating_truth
2020,all,23,0.0012682308180088776,1577,synthetic_multinomial_from_conditioned_operating_truth
2020,all,24,0.0012682308180088776,1577,synthetic_multinomial_from_conditioned_operating_truth
2020,all,25,0.0006341154090044388,1577,synthetic_multinomial_from_conditioned_operating_truth
2020,all,26,0.0006341154090044388,1577,synthetic_multinomial_from_conditioned_operating_truth
2020,all,27,0.0,1577,synthetic_multinomial_from_conditioned_operating_truth
2020,all,28,0.0,1577,synthetic_multinomial_from_conditioned_operating_truth
2020,all,29,0.0,1577,synthetic_multinomial_from_conditioned_operating_truth
2020,all,30,0.0,1577,synthetic_multinomial_from_conditioned_operating_truth
2021,all,0,0.0,1445,synthetic_multinomial_from_conditioned_operating_truth
2021,all,1,0.0,1445,synthetic_multinomial_from_conditioned_operating_truth
2021,all,2,0.0,1445,synthetic_multinomial_from_conditioned_operating_truth
2021,all,3,0.0,1445,synthetic_multinomial_from_conditioned_operating_truth
2021,all,4,0.001384083044982699,1445,synthetic_multinomial_from_conditioned_operating_truth
2021,all,5,0.01730103806228374,1445,synthetic_multinomial_from_conditioned_operating_truth
2021,all,6,0.09204152249134948,1445,synthetic_multinomial_from_conditioned_operating_truth
2021,all,7,0.1806228373702422,1445,synthetic_multinomial_from_conditioned_operating_truth
2021,all,8,0.15916955017301038,1445,synthetic_multinomial_from_conditioned_operating_truth
2021,all,9,0.1397923875432526,1445,synthetic_multinomial_from_conditioned_operating_truth
2021,all,10,0.12041522491349481,1445,synthetic_multinomial_from_conditioned_operating_truth
2021,all,11,0.09619377162629758,1445,synthetic_multinomial_from_conditioned_operating_truth
2021,all,12,0.061591695501730104,1445,synthetic_multinomial_from_conditioned_operating_truth
2021,all,13,0.04498269896193772,1445,synthetic_multinomial_from_conditioned_operating_truth
2021,all,14,0.021453287197231833,1445,synthetic_multinomial_from_conditioned_operating_truth
2021,all,15,0.01384083044982699,1445,synthetic_multinomial_from_conditioned_operating_truth
2021,all,16,0.011764705882352941,1445,synthetic_multinomial_from_conditioned_operating_truth
2021,all,17,0.010380622837370242,1445,synthetic_multinomial_from_conditioned_operating_truth
2021,all,18,0.004844290657439446,1445,synthetic_multinomial_from_conditioned_operating_truth
2021,all,19,0.005536332179930796,1445,synthetic_multinomial_from_conditioned_operating_truth
2021,all,20,0.0034602076124567475,1445,synthetic_multinomial_from_conditioned_operating_truth
2021,all,21,0.002768166089965398,1445,synthetic_multinomial_from_conditioned_operating_truth
2021,all,22,0.0020761245674740486,1445,synthetic_multinomial_from_conditioned_operating_truth
2021,all,23,0.002768166089965398,1445,synthetic_multinomial_from_conditioned_operating_truth
2021,all,24,0.001384083044982699,1445,synthetic_multinomial_from_conditioned_operating_truth
2021,all,25,0.002768166089965398,1445,synthetic_multinomial_from_conditioned_operating_truth
2021,all,26,0.0,1445,synthetic_multinomial_from_conditioned_operating_truth
2021,all,27,0.001384083044982699,1445,synthetic_multinomial_from_conditioned_operating_truth
2021,all,28,0.0,1445,synthetic_multinomial_from_conditioned_operating_truth
2021,all,29,0.0006920415224913495,1445,synthetic_multinomial_from_conditioned_operating_truth
2021,all,30,0.001384083044982699,1445,synthetic_multinomial_from_conditioned_operating_truth
