year,sector,age,proportion,sample_size,evidence_class,source
2003,all,0,0.0,484.0,derived_from_digitised_area_compositions,RAR2 Figure 3.19; sample-size weighted North/South pool; ages 30+ pooled
2003,all,1,0.0,484.0,derived_from_digitised_area_compositions,RAR2 Figure 3.19; sample-size weighted North/South pool; ages 30+ pooled
2003,all,2,0.0,484.0,derived_from_digitised_area_compositions,RAR2 Figure 3.19; sample-size weighted North/South pool; ages 30+ pooled
2003,all,3,0.0,484.0,derived_from_digitised_area_compositions,RAR2 Figure 3.19; sample-size weighted North/South pool; ages 30+ pooled
2003,all,4,0.0,484.0,derived_from_digitised_area_compositions,RAR2 Figure 3.19; sample-size weighted North/South pool; ages 30+ pooled
2003,all,5,0.0,484.0,derived_from_digitised_area_compositions,RAR2 Figure 3.19; sample-size weighted North/South pool; ages 30+ pooled
2003,all,6,0.05,484.0,derived_from_digitised_area_compositions,RAR2 Figure 3.19; sample-size weighted North/South pool; ages 30+ pooled
2003,all,7,0.14375000000000002,484.0,derived_from_digitised_area_compositions,RAR2 Figure 3.19; sample-size weighted North/South pool; ages 30+ pooled
2003,all,8,0.14375000000000002,484.0,derived_from_digitised_area_compositions,RAR2 Figure 3.19; sample-size weighted North/South pool; ages 30+ pooled
2003,all,9,0.13125,484.0,derived_from_digitised_area_compositions,RAR2 Figure 3.19; sample-size weighted North/South pool; ages 30+ pooled
2003,all,10,0.20625000000000002,484.0,derived_from_digitised_area_compositions,RAR2 Figure 3.19; sample-size weighted North/South pool; ages 30+ pooled
2003,all,11,0.20625000000000002,484.0,derived_from_digitised_area_compositions,RAR2 Figure 3.19; sample-size weighted North/South pool; ages 30+ pooled
2003,all,12,0.08125,484.0,derived_from_digitised_area_compositions,RAR2 Figure 3.19; sample-size weighted North/South pool; ages 30+ pooled
2003,all,13,0.0375,484.0,derived_from_digitised_area_compositions,RAR2 Figure 3.19; sample-size weighted North/South pool; ages 30+ pooled
2003,all,14,0.0,484.0,derived_from_digitised_area_compositions,RAR2 Figure 3.19; sample-size weighted North/South pool; ages 30+ pooled
2003,all,15,0.0,484.0,derived_from_digitised_area_compositions,RAR2 Figure 3.19; sample-size weighted North/South pool; ages 30+ pooled
2003,all,16,0.0,484.0,derived_from_digitised_area_compositions,RAR2 Figure 3.19; sample-size weighted North/South pool; ages 30+ pooled
2003,all,17,0.0,484.0,derived_from_digitised_area_compositions,RAR2 Figure 3.19; sample-size weighted North/South pool; ages 30+ pooled
2003,all,18,0.0,484.0,derived_from_digitised_area_compositions,RAR2 Figure 3.19; sample-size weighted North/South pool; ages 30+ pooled
2003,all,19,0.0,484.0,derived_from_digitised_area_compositions,RAR2 Figure 3.19; sample-size weighted North/South pool; ages 30+ pooled
2003,all,20,0.0,484.0,derived_from_digitised_area_compositions,RAR2 Figure 3.19; sample-size weighted North/South pool; ages 30+ pooled
2003,all,21,0.0,484.0,derived_from_digitised_area_compositions,RAR2 Figure 3.19; sample-size weighted North/South pool; ages 30+ pooled
2003,all,22,0.0,484.0,derived_from_digitised_area_compositions,RAR2 Figure 3.19; sample-size weighted North/South pool; ages 30+ pooled
2003,all,23,0.0,484.0,derived_from_digitised_area_compositions,RAR2 Figure 3.19; sample-size weighted North/South pool; ages 30+ pooled
2003,all,24,0.0,484.0,derived_from_digitised_area_compositions,RAR2 Figure 3.19; sample-size weighted North/South pool; ages 30+ pooled
2003,all,25,0.0,484.0,derived_from_digitised_area_compositions,RAR2 Figure 3.19; sample-size weighted North/South pool; ages 30+ pooled
2003,all,26,0.0,484.0,derived_from_digitised_area_compositions,RAR2 Figure 3.19; sample-size weighted North/South pool; ages 30+ pooled
2003,all,27,0.0,484.0,derived_from_digitised_area_compositions,RAR2 Figure 3.19; sample-size weighted North/South pool; ages 30+ pooled
2003,all,28,0.0,484.0,derived_from_digitised_area_compositions,RAR2 Figure 3.19; sample-size weighted North/South pool; ages 30+ pooled
2003,all,29,0.0,484.0,derived_from_digitised_area_compositions,RAR2 Figure 3.19; sample-size weighted North/South pool; ages 30+ pooled
2003,all,30,0.0,484.0,derived_from_digitised_area_compositions,RAR2 Figure 3.19; sample-size weighted North/South pool; ages 30+ pooled
2004,all,0,0.0,695.0,derived_from_digitised_area_compositions,RAR2 Figure 3.19; sample-size weighted North/South pool; ages 30+ pooled
2004,all,1,0.0,695.0,derived_from_digitised_area_compositions,RAR2 Figure 3.19; sample-size weighted North/South pool; ages 30+ pooled
2004,all,2,0.0,695.0,derived_from_digitised_area_compositions,RAR2 Figure 3.19; sample-size weighted North/South pool; ages 30+ pooled
2004,all,3,0.0,695.0,derived_from_digitised_area_compositions,RAR2 Figure 3.19; sample-size weighted North/South pool; ages 30+ pooled
2004,all,4,0.0,695.0,derived_from_digitised_area_compositions,RAR2 Figure 3.19; sample-size weighted North/South pool; ages 30+ pooled
2004,all,5,0.004065908563471804,695.0,derived_from_digitised_area_compositions,RAR2 Figure 3.19; sample-size weighted North/South pool; ages 30+ pooled
2004,all,6,0.03869762940505523,695.0,derived_from_digitised_area_compositions,RAR2 Figure 3.19; sample-size weighted North/South pool; ages 30+ pooled
2004,all,7,0.06167161260696316,695.0,derived_from_digitised_area_compositions,RAR2 Figure 3.19; sample-size weighted North/South pool; ages 30+ pooled
2004,all,8,0.13568394700848793,695.0,derived_from_digitised_area_compositions,RAR2 Figure 3.19; sample-size weighted North/South pool; ages 30+ pooled
2004,all,9,0.13568394700848793,695.0,derived_from_digitised_area_compositions,RAR2 Figure 3.19; sample-size weighted North/South pool; ages 30+ pooled
2004,all,10,0.12111177495889357,695.0,derived_from_digitised_area_compositions,RAR2 Figure 3.19; sample-size weighted North/South pool; ages 30+ pooled
2004,all,11,0.133039506623939,695.0,derived_from_digitised_area_compositions,RAR2 Figure 3.19; sample-size weighted North/South pool; ages 30+ pooled
2004,all,12,0.133039506623939,695.0,derived_from_digitised_area_compositions,RAR2 Figure 3.19; sample-size weighted North/South pool; ages 30+ pooled
2004,all,13,0.0410005777121611,695.0,derived_from_digitised_area_compositions,RAR2 Figure 3.19; sample-size weighted North/South pool; ages 30+ pooled
2004,all,14,0.03402023473877041,695.0,derived_from_digitised_area_compositions,RAR2 Figure 3.19; sample-size weighted North/South pool; ages 30+ pooled
2004,all,15,0.018638080613066172,695.0,derived_from_digitised_area_compositions,RAR2 Figure 3.19; sample-size weighted North/South pool; ages 30+ pooled
2004,all,16,0.018638080613066172,695.0,derived_from_digitised_area_compositions,RAR2 Figure 3.19; sample-size weighted North/South pool; ages 30+ pooled
2004,all,17,0.015723646203147295,695.0,derived_from_digitised_area_compositions,RAR2 Figure 3.19; sample-size weighted North/South pool; ages 30+ pooled
2004,all,18,0.015723646203147295,695.0,derived_from_digitised_area_compositions,RAR2 Figure 3.19; sample-size weighted North/South pool; ages 30+ pooled
2004,all,19,0.011657737639675493,695.0,derived_from_digitised_area_compositions,RAR2 Figure 3.19; sample-size weighted North/South pool; ages 30+ pooled
2004,all,20,0.011657737639675493,695.0,derived_from_digitised_area_compositions,RAR2 Figure 3.19; sample-size weighted North/South pool; ages 30+ pooled
2004,all,21,0.0,695.0,derived_from_digitised_area_compositions,RAR2 Figure 3.19; sample-size weighted North/South pool; ages 30+ pooled
2004,all,22,0.011657737639675493,695.0,derived_from_digitised_area_compositions,RAR2 Figure 3.19; sample-size weighted North/South pool; ages 30+ pooled
2004,all,23,0.011657737639675493,695.0,derived_from_digitised_area_compositions,RAR2 Figure 3.19; sample-size weighted North/South pool; ages 30+ pooled
2004,all,24,0.011657737639675493,695.0,derived_from_digitised_area_compositions,RAR2 Figure 3.19; sample-size weighted North/South pool; ages 30+ pooled
2004,all,25,0.011657737639675493,695.0,derived_from_digitised_area_compositions,RAR2 Figure 3.19; sample-size weighted North/South pool; ages 30+ pooled
2004,all,26,0.011657737639675493,695.0,derived_from_digitised_area_compositions,RAR2 Figure 3.19; sample-size weighted North/South pool; ages 30+ pooled
2004,all,27,0.011657737639675493,695.0,derived_from_digitised_area_compositions,RAR2 Figure 3.19; sample-size weighted North/South pool; ages 30+ pooled
2004,all,28,0.0,695.0,derived_from_digitised_area_compositions,RAR2 Figure 3.19; sample-size weighted North/South pool; ages 30+ pooled
2004,all,29,0.0,695.0,derived_from_digitised_area_compositions,RAR2 Figure 3.19; sample-size weighted North/South pool; ages 30+ pooled
2004,all,30,0.0,695.0,derived_from_digitised_area_compositions,RAR2 Figure 3.19; sample-size weighted North/South pool; ages 30+ pooled
2005,all,0,0.0,718.0,derived_from_digitised_area_compositions,RAR2 Figure 3.19; sample-size weighted North/South pool; ages 30+ pooled
2005,all,1,0.0,718.0,derived_from_digitised_area_compositions,RAR2 Figure 3.19; sample-size weighted North/South pool; ages 30+ pooled
2005,all,2,0.0,718.0,derived_from_digitised_area_compositions,RAR2 Figure 3.19; sample-size weighted North/South pool; ages 30+ pooled
2005,all,3,0.0,718.0,derived_from_digitised_area_compositions,RAR2 Figure 3.19; sample-size weighted North/South pool; ages 30+ pooled
2005,all,4,0.0,718.0,derived_from_digitised_area_compositions,RAR2 Figure 3.19; sample-size weighted North/South pool; ages 30+ pooled
2005,all,5,0.0,718.0,derived_from_digitised_area_compositions,RAR2 Figure 3.19; sample-size weighted North/South pool; ages 30+ pooled
2005,all,6,0.05472837845404713,718.0,derived_from_digitised_area_compositions,RAR2 Figure 3.19; sample-size weighted North/South pool; ages 30+ pooled
2005,all,7,0.10376417985442887,718.0,derived_from_digitised_area_compositions,RAR2 Figure 3.19; sample-size weighted North/South pool; ages 30+ pooled
2005,all,8,0.11061296981635164,718.0,derived_from_digitised_area_compositions,RAR2 Figure 3.19; sample-size weighted North/South pool; ages 30+ pooled
2005,all,9,0.1305591113760859,718.0,derived_from_digitised_area_compositions,RAR2 Figure 3.19; sample-size weighted North/South pool; ages 30+ pooled
2005,all,10,0.1271347163951245,718.0,derived_from_digitised_area_compositions,RAR2 Figure 3.19; sample-size weighted North/South pool; ages 30+ pooled
2005,all,11,0.1385198705024553,718.0,derived_from_digitised_area_compositions,RAR2 Figure 3.19; sample-size weighted North/South pool; ages 30+ pooled
2005,all,12,0.15221745042630083,718.0,derived_from_digitised_area_compositions,RAR2 Figure 3.19; sample-size weighted North/South pool; ages 30+ pooled
2005,all,13,0.13227130886656657,718.0,derived_from_digitised_area_compositions,RAR2 Figure 3.19; sample-size weighted North/South pool; ages 30+ pooled
2005,all,14,0.041631026856235646,718.0,derived_from_digitised_area_compositions,RAR2 Figure 3.19; sample-size weighted North/South pool; ages 30+ pooled
2005,all,15,0.004280493726201732,718.0,derived_from_digitised_area_compositions,RAR2 Figure 3.19; sample-size weighted North/South pool; ages 30+ pooled
2005,all,16,0.004280493726201732,718.0,derived_from_digitised_area_compositions,RAR2 Figure 3.19; sample-size weighted North/South pool; ages 30+ pooled
2005,all,17,0.0,718.0,derived_from_digitised_area_compositions,RAR2 Figure 3.19; sample-size weighted North/South pool; ages 30+ pooled
2005,all,18,0.0,718.0,derived_from_digitised_area_compositions,RAR2 Figure 3.19; sample-size weighted North/South pool; ages 30+ pooled
2005,all,19,0.0,718.0,derived_from_digitised_area_compositions,RAR2 Figure 3.19; sample-size weighted North/South pool; ages 30+ pooled
2005,all,20,0.0,718.0,derived_from_digitised_area_compositions,RAR2 Figure 3.19; sample-size weighted North/South pool; ages 30+ pooled
2005,all,21,0.0,718.0,derived_from_digitised_area_compositions,RAR2 Figure 3.19; sample-size weighted North/South pool; ages 30+ pooled
2005,all,22,0.0,718.0,derived_from_digitised_area_compositions,RAR2 Figure 3.19; sample-size weighted North/South pool; ages 30+ pooled
2005,all,23,0.0,718.0,derived_from_digitised_area_compositions,RAR2 Figure 3.19; sample-size weighted North/South pool; ages 30+ pooled
2005,all,24,0.0,718.0,derived_from_digitised_area_compositions,RAR2 Figure 3.19; sample-size weighted North/South pool; ages 30+ pooled
2005,all,25,0.0,718.0,derived_from_digitised_area_compositions,RAR2 Figure 3.19; sample-size weighted North/South pool; ages 30+ pooled
2005,all,26,0.0,718.0,derived_from_digitised_area_compositions,RAR2 Figure 3.19; sample-size weighted North/South pool; ages 30+ pooled
2005,all,27,0.0,718.0,derived_from_digitised_area_compositions,RAR2 Figure 3.19; sample-size weighted North/South pool; ages 30+ pooled
2005,all,28,0.0,718.0,derived_from_digitised_area_compositions,RAR2 Figure 3.19; sample-size weighted North/South pool; ages 30+ pooled
2005,all,29,0.0,718.0,derived_from_digitised_area_compositions,RAR2 Figure 3.19; sample-size weighted North/South pool; ages 30+ pooled
2005,all,30,0.0,718.0,derived_from_digitised_area_compositions,RAR2 Figure 3.19; sample-size weighted North/South pool; ages 30+ pooled
2006,all,0,0.0,362.0,derived_from_digitised_area_compositions,RAR2 Figure 3.19; sample-size weighted North/South pool; ages 30+ pooled
2006,all,1,0.0,362.0,derived_from_digitised_area_compositions,RAR2 Figure 3.19; sample-size weighted North/South pool; ages 30+ pooled
2006,all,2,0.0,362.0,derived_from_digitised_area_compositions,RAR2 Figure 3.19; sample-size weighted North/South pool; ages 30+ pooled
2006,all,3,0.0,362.0,derived_from_digitised_area_compositions,RAR2 Figure 3.19; sample-size weighted North/South pool; ages 30+ pooled
2006,all,4,0.0,362.0,derived_from_digitised_area_compositions,RAR2 Figure 3.19; sample-size weighted North/South pool; ages 30+ pooled
2006,all,5,0.02380952380952381,362.0,derived_from_digitised_area_compositions,RAR2 Figure 3.19; sample-size weighted North/South pool; ages 30+ pooled
2006,all,6,0.03333333333333333,362.0,derived_from_digitised_area_compositions,RAR2 Figure 3.19; sample-size weighted North/South pool; ages 30+ pooled
2006,all,7,0.1619047619047619,362.0,derived_from_digitised_area_compositions,RAR2 Figure 3.19; sample-size weighted North/South pool; ages 30+ pooled
2006,all,8,0.1619047619047619,362.0,derived_from_digitised_area_compositions,RAR2 Figure 3.19; sample-size weighted North/South pool; ages 30+ pooled
2006,all,9,0.09047619047619047,362.0,derived_from_digitised_area_compositions,RAR2 Figure 3.19; sample-size weighted North/South pool; ages 30+ pooled
2006,all,10,0.09047619047619047,362.0,derived_from_digitised_area_compositions,RAR2 Figure 3.19; sample-size weighted North/South pool; ages 30+ pooled
2006,all,11,0.09999999999999999,362.0,derived_from_digitised_area_compositions,RAR2 Figure 3.19; sample-size weighted North/South pool; ages 30+ pooled
2006,all,12,0.09999999999999999,362.0,derived_from_digitised_area_compositions,RAR2 Figure 3.19; sample-size weighted North/South pool; ages 30+ pooled
2006,all,13,0.09999999999999999,362.0,derived_from_digitised_area_compositions,RAR2 Figure 3.19; sample-size weighted North/South pool; ages 30+ pooled
2006,all,14,0.09047619047619047,362.0,derived_from_digitised_area_compositions,RAR2 Figure 3.19; sample-size weighted North/South pool; ages 30+ pooled
2006,all,15,0.0,362.0,derived_from_digitised_area_compositions,RAR2 Figure 3.19; sample-size weighted North/South pool; ages 30+ pooled
2006,all,16,0.0,362.0,derived_from_digitised_area_compositions,RAR2 Figure 3.19; sample-size weighted North/South pool; ages 30+ pooled
2006,all,17,0.0,362.0,derived_from_digitised_area_compositions,RAR2 Figure 3.19; sample-size weighted North/South pool; ages 30+ pooled
2006,all,18,0.0,362.0,derived_from_digitised_area_compositions,RAR2 Figure 3.19; sample-size weighted North/South pool; ages 30+ pooled
2006,all,19,0.02380952380952381,362.0,derived_from_digitised_area_compositions,RAR2 Figure 3.19; sample-size weighted North/South pool; ages 30+ pooled
2006,all,20,0.02380952380952381,362.0,derived_from_digitised_area_compositions,RAR2 Figure 3.19; sample-size weighted North/South pool; ages 30+ pooled
2006,all,21,0.0,362.0,derived_from_digitised_area_compositions,RAR2 Figure 3.19; sample-size weighted North/South pool; ages 30+ pooled
2006,all,22,0.0,362.0,derived_from_digitised_area_compositions,RAR2 Figure 3.19; sample-size weighted North/South pool; ages 30+ pooled
2006,all,23,0.0,362.0,derived_from_digitised_area_compositions,RAR2 Figure 3.19; sample-size weighted North/South pool; ages 30+ pooled
2006,all,24,0.0,362.0,derived_from_digitised_area_compositions,RAR2 Figure 3.19; sample-size weighted North/South pool; ages 30+ pooled
2006,all,25,0.0,362.0,derived_from_digitised_area_compositions,RAR2 Figure 3.19; sample-size weighted North/South pool; ages 30+ pooled
2006,all,26,0.0,362.0,derived_from_digitised_area_compositions,RAR2 Figure 3.19; sample-size weighted North/South pool; ages 30+ pooled
2006,all,27,0.0,362.0,derived_from_digitised_area_compositions,RAR2 Figure 3.19; sample-size weighted North/South pool; ages 30+ pooled
2006,all,28,0.0,362.0,derived_from_digitised_area_compositions,RAR2 Figure 3.19; sample-size weighted North/South pool; ages 30+ pooled
2006,all,29,0.0,362.0,derived_from_digitised_area_compositions,RAR2 Figure 3.19; sample-size weighted North/South pool; ages 30+ pooled
2006,all,30,0.0,362.0,derived_from_digitised_area_compositions,RAR2 Figure 3.19; sample-size weighted North/South pool; ages 30+ pooled
2007,all,0,0.0,998.0,derived_from_digitised_area_compositions,RAR2 Figure 3.19; sample-size weighted North/South pool; ages 30+ pooled
2007,all,1,0.0,998.0,derived_from_digitised_area_compositions,RAR2 Figure 3.19; sample-size weighted North/South pool; ages 30+ pooled
2007,all,2,0.0,998.0,derived_from_digitised_area_compositions,RAR2 Figure 3.19; sample-size weighted North/South pool; ages 30+ pooled
2007,all,3,0.0,998.0,derived_from_digitised_area_compositions,RAR2 Figure 3.19; sample-size weighted North/South pool; ages 30+ pooled
2007,all,4,0.0,998.0,derived_from_digitised_area_compositions,RAR2 Figure 3.19; sample-size weighted North/South pool; ages 30+ pooled
2007,all,5,0.0,998.0,derived_from_digitised_area_compositions,RAR2 Figure 3.19; sample-size weighted North/South pool; ages 30+ pooled
2007,all,6,0.039591565205883465,998.0,derived_from_digitised_area_compositions,RAR2 Figure 3.19; sample-size weighted North/South pool; ages 30+ pooled
2007,all,7,0.09135724278746171,998.0,derived_from_digitised_area_compositions,RAR2 Figure 3.19; sample-size weighted North/South pool; ages 30+ pooled
2007,all,8,0.20238452533998816,998.0,derived_from_digitised_area_compositions,RAR2 Figure 3.19; sample-size weighted North/South pool; ages 30+ pooled
2007,all,9,0.20238452533998816,998.0,derived_from_digitised_area_compositions,RAR2 Figure 3.19; sample-size weighted North/South pool; ages 30+ pooled
2007,all,10,0.12028360967217452,998.0,derived_from_digitised_area_compositions,RAR2 Figure 3.19; sample-size weighted North/South pool; ages 30+ pooled
2007,all,11,0.06839218925271928,998.0,derived_from_digitised_area_compositions,RAR2 Figure 3.19; sample-size weighted North/South pool; ages 30+ pooled
2007,all,12,0.07626534515572024,998.0,derived_from_digitised_area_compositions,RAR2 Figure 3.19; sample-size weighted North/South pool; ages 30+ pooled
2007,all,13,0.07626534515572024,998.0,derived_from_digitised_area_compositions,RAR2 Figure 3.19; sample-size weighted North/South pool; ages 30+ pooled
2007,all,14,0.06280810441637992,998.0,derived_from_digitised_area_compositions,RAR2 Figure 3.19; sample-size weighted North/South pool; ages 30+ pooled
2007,all,15,0.054431977161870905,998.0,derived_from_digitised_area_compositions,RAR2 Figure 3.19; sample-size weighted North/South pool; ages 30+ pooled
2007,all,16,0.0058355705120933694,998.0,derived_from_digitised_area_compositions,RAR2 Figure 3.19; sample-size weighted North/South pool; ages 30+ pooled
2007,all,17,0.0,998.0,derived_from_digitised_area_compositions,RAR2 Figure 3.19; sample-size weighted North/South pool; ages 30+ pooled
2007,all,18,0.0,998.0,derived_from_digitised_area_compositions,RAR2 Figure 3.19; sample-size weighted North/South pool; ages 30+ pooled
2007,all,19,0.0,998.0,derived_from_digitised_area_compositions,RAR2 Figure 3.19; sample-size weighted North/South pool; ages 30+ pooled
2007,all,20,0.0,998.0,derived_from_digitised_area_compositions,RAR2 Figure 3.19; sample-size weighted North/South pool; ages 30+ pooled
2007,all,21,0.0,998.0,derived_from_digitised_area_compositions,RAR2 Figure 3.19; sample-size weighted North/South pool; ages 30+ pooled
2007,all,22,0.0,998.0,derived_from_digitised_area_compositions,RAR2 Figure 3.19; sample-size weighted North/South pool; ages 30+ pooled
2007,all,23,0.0,998.0,derived_from_digitised_area_compositions,RAR2 Figure 3.19; sample-size weighted North/South pool; ages 30+ pooled
2007,all,24,0.0,998.0,derived_from_digitised_area_compositions,RAR2 Figure 3.19; sample-size weighted North/South pool; ages 30+ pooled
2007,all,25,0.0,998.0,derived_from_digitised_area_compositions,RAR2 Figure 3.19; sample-size weighted North/South pool; ages 30+ pooled
2007,all,26,0.0,998.0,derived_from_digitised_area_compositions,RAR2 Figure 3.19; sample-size weighted North/South pool; ages 30+ pooled
2007,all,27,0.0,998.0,derived_from_digitised_area_compositions,RAR2 Figure 3.19; sample-size weighted North/South pool; ages 30+ pooled
2007,all,28,0.0,998.0,derived_from_digitised_area_compositions,RAR2 Figure 3.19; sample-size weighted North/South pool; ages 30+ pooled
2007,all,29,0.0,998.0,derived_from_digitised_area_compositions,RAR2 Figure 3.19; sample-size weighted North/South pool; ages 30+ pooled
2007,all,30,0.0,998.0,derived_from_digitised_area_compositions,RAR2 Figure 3.19; sample-size weighted North/South pool; ages 30+ pooled
2008,all,0,0.0,1458.0,derived_from_digitised_area_compositions,RAR2 Figure 3.19; sample-size weighted North/South pool; ages 30+ pooled
2008,all,1,0.0,1458.0,derived_from_digitised_area_compositions,RAR2 Figure 3.19; sample-size weighted North/South pool; ages 30+ pooled
2008,all,2,0.0,1458.0,derived_from_digitised_area_compositions,RAR2 Figure 3.19; sample-size weighted North/South pool; ages 30+ pooled
2008,all,3,0.0,1458.0,derived_from_digitised_area_compositions,RAR2 Figure 3.19; sample-size weighted North/South pool; ages 30+ pooled
2008,all,4,0.0,1458.0,derived_from_digitised_area_compositions,RAR2 Figure 3.19; sample-size weighted North/South pool; ages 30+ pooled
2008,all,5,0.011408321902149063,1458.0,derived_from_digitised_area_compositions,RAR2 Figure 3.19; sample-size weighted North/South pool; ages 30+ pooled
2008,all,6,0.06249810284567117,1458.0,derived_from_digitised_area_compositions,RAR2 Figure 3.19; sample-size weighted North/South pool; ages 30+ pooled
2008,all,7,0.07205616541979291,1458.0,derived_from_digitised_area_compositions,RAR2 Figure 3.19; sample-size weighted North/South pool; ages 30+ pooled
2008,all,8,0.10153245430844049,1458.0,derived_from_digitised_area_compositions,RAR2 Figure 3.19; sample-size weighted North/South pool; ages 30+ pooled
2008,all,9,0.1709059047646624,1458.0,derived_from_digitised_area_compositions,RAR2 Figure 3.19; sample-size weighted North/South pool; ages 30+ pooled
2008,all,10,0.1709059047646624,1458.0,derived_from_digitised_area_compositions,RAR2 Figure 3.19; sample-size weighted North/South pool; ages 30+ pooled
2008,all,11,0.1268161105501084,1458.0,derived_from_digitised_area_compositions,RAR2 Figure 3.19; sample-size weighted North/South pool; ages 30+ pooled
2008,all,12,0.07205616541979291,1458.0,derived_from_digitised_area_compositions,RAR2 Figure 3.19; sample-size weighted North/South pool; ages 30+ pooled
2008,all,13,0.05836617913721403,1458.0,derived_from_digitised_area_compositions,RAR2 Figure 3.19; sample-size weighted North/South pool; ages 30+ pooled
2008,all,14,0.05836617913721403,1458.0,derived_from_digitised_area_compositions,RAR2 Figure 3.19; sample-size weighted North/South pool; ages 30+ pooled
2008,all,15,0.05004162278177719,1458.0,derived_from_digitised_area_compositions,RAR2 Figure 3.19; sample-size weighted North/South pool; ages 30+ pooled
2008,all,16,0.04504688896851509,1458.0,derived_from_digitised_area_compositions,RAR2 Figure 3.19; sample-size weighted North/South pool; ages 30+ pooled
2008,all,17,0.0,1458.0,derived_from_digitised_area_compositions,RAR2 Figure 3.19; sample-size weighted North/South pool; ages 30+ pooled
2008,all,18,0.0,1458.0,derived_from_digitised_area_compositions,RAR2 Figure 3.19; sample-size weighted North/South pool; ages 30+ pooled
2008,all,19,0.0,1458.0,derived_from_digitised_area_compositions,RAR2 Figure 3.19; sample-size weighted North/South pool; ages 30+ pooled
2008,all,20,0.0,1458.0,derived_from_digitised_area_compositions,RAR2 Figure 3.19; sample-size weighted North/South pool; ages 30+ pooled
2008,all,21,0.0,1458.0,derived_from_digitised_area_compositions,RAR2 Figure 3.19; sample-size weighted North/South pool; ages 30+ pooled
2008,all,22,0.0,1458.0,derived_from_digitised_area_compositions,RAR2 Figure 3.19; sample-size weighted North/South pool; ages 30+ pooled
2008,all,23,0.0,1458.0,derived_from_digitised_area_compositions,RAR2 Figure 3.19; sample-size weighted North/South pool; ages 30+ pooled
2008,all,24,0.0,1458.0,derived_from_digitised_area_compositions,RAR2 Figure 3.19; sample-size weighted North/South pool; ages 30+ pooled
2008,all,25,0.0,1458.0,derived_from_digitised_area_compositions,RAR2 Figure 3.19; sample-size weighted North/South pool; ages 30+ pooled
2008,all,26,0.0,1458.0,derived_from_digitised_area_compositions,RAR2 Figure 3.19; sample-size weighted North/South pool; ages 30+ pooled
2008,all,27,0.0,1458.0,derived_from_digitised_area_compositions,RAR2 Figure 3.19; sample-size weighted North/South pool; ages 30+ pooled
2008,all,28,0.0,1458.0,derived_from_digitised_area_compositions,RAR2 Figure 3.19; sample-size weighted North/South pool; ages 30+ pooled
2008,all,29,0.0,1458.0,derived_from_digitised_area_compositions,RAR2 Figure 3.19; sample-size weighted North/South pool; ages 30+ pooled
2008,all,30,0.0,1458.0,derived_from_digitised_area_compositions,RAR2 Figure 3.19; sample-size weighted North/South pool; ages 30+ pooled
2009,all,0,0.0,1264.0,derived_from_digitised_area_compositions,RAR2 Figure 3.19; sample-size weighted North/South pool; ages 30+ pooled
2009,all,1,0.0,1264.0,derived_from_digitised_area_compositions,RAR2 Figure 3.19; sample-size weighted North/South pool; ages 30+ pooled
2009,all,2,0.0,1264.0,derived_from_digitised_area_compositions,RAR2 Figure 3.19; sample-size weighted North/South pool; ages 30+ pooled
2009,all,3,0.0,1264.0,derived_from_digitised_area_compositions,RAR2 Figure 3.19; sample-size weighted North/South pool; ages 30+ pooled
2009,all,4,0.0,1264.0,derived_from_digitised_area_compositions,RAR2 Figure 3.19; sample-size weighted North/South pool; ages 30+ pooled
2009,all,5,0.03257178141401667,1264.0,derived_from_digitised_area_compositions,RAR2 Figure 3.19; sample-size weighted North/South pool; ages 30+ pooled
2009,all,6,0.07349226838111521,1264.0,derived_from_digitised_area_compositions,RAR2 Figure 3.19; sample-size weighted North/South pool; ages 30+ pooled
2009,all,7,0.12651246352168374,1264.0,derived_from_digitised_area_compositions,RAR2 Figure 3.19; sample-size weighted North/South pool; ages 30+ pooled
2009,all,8,0.12651246352168374,1264.0,derived_from_digitised_area_compositions,RAR2 Figure 3.19; sample-size weighted North/South pool; ages 30+ pooled
2009,all,9,0.09185942059789531,1264.0,derived_from_digitised_area_compositions,RAR2 Figure 3.19; sample-size weighted North/South pool; ages 30+ pooled
2009,all,10,0.14707558710502186,1264.0,derived_from_digitised_area_compositions,RAR2 Figure 3.19; sample-size weighted North/South pool; ages 30+ pooled
2009,all,11,0.14707558710502186,1264.0,derived_from_digitised_area_compositions,RAR2 Figure 3.19; sample-size weighted North/South pool; ages 30+ pooled
2009,all,12,0.06649283388228579,1264.0,derived_from_digitised_area_compositions,RAR2 Figure 3.19; sample-size weighted North/South pool; ages 30+ pooled
2009,all,13,0.050938933630796775,1264.0,derived_from_digitised_area_compositions,RAR2 Figure 3.19; sample-size weighted North/South pool; ages 30+ pooled
2009,all,14,0.03465304292378844,1264.0,derived_from_digitised_area_compositions,RAR2 Figure 3.19; sample-size weighted North/South pool; ages 30+ pooled
2009,all,15,0.03465304292378844,1264.0,derived_from_digitised_area_compositions,RAR2 Figure 3.19; sample-size weighted North/South pool; ages 30+ pooled
2009,all,16,0.02964381959193932,1264.0,derived_from_digitised_area_compositions,RAR2 Figure 3.19; sample-size weighted North/South pool; ages 30+ pooled
2009,all,17,0.02630433737070657,1264.0,derived_from_digitised_area_compositions,RAR2 Figure 3.19; sample-size weighted North/South pool; ages 30+ pooled
2009,all,18,0.012214418030256254,1264.0,derived_from_digitised_area_compositions,RAR2 Figure 3.19; sample-size weighted North/South pool; ages 30+ pooled
2009,all,19,0.0,1264.0,derived_from_digitised_area_compositions,RAR2 Figure 3.19; sample-size weighted North/South pool; ages 30+ pooled
2009,all,20,0.0,1264.0,derived_from_digitised_area_compositions,RAR2 Figure 3.19; sample-size weighted North/South pool; ages 30+ pooled
2009,all,21,0.0,1264.0,derived_from_digitised_area_compositions,RAR2 Figure 3.19; sample-size weighted North/South pool; ages 30+ pooled
2009,all,22,0.0,1264.0,derived_from_digitised_area_compositions,RAR2 Figure 3.19; sample-size weighted North/South pool; ages 30+ pooled
2009,all,23,0.0,1264.0,derived_from_digitised_area_compositions,RAR2 Figure 3.19; sample-size weighted North/South pool; ages 30+ pooled
2009,all,24,0.0,1264.0,derived_from_digitised_area_compositions,RAR2 Figure 3.19; sample-size weighted North/South pool; ages 30+ pooled
2009,all,25,0.0,1264.0,derived_from_digitised_area_compositions,RAR2 Figure 3.19; sample-size weighted North/South pool; ages 30+ pooled
2009,all,26,0.0,1264.0,derived_from_digitised_area_compositions,RAR2 Figure 3.19; sample-size weighted North/South pool; ages 30+ pooled
2009,all,27,0.0,1264.0,derived_from_digitised_area_compositions,RAR2 Figure 3.19; sample-size weighted North/South pool; ages 30+ pooled
2009,all,28,0.0,1264.0,derived_from_digitised_area_compositions,RAR2 Figure 3.19; sample-size weighted North/South pool; ages 30+ pooled
2009,all,29,0.0,1264.0,derived_from_digitised_area_compositions,RAR2 Figure 3.19; sample-size weighted North/South pool; ages 30+ pooled
2009,all,30,0.0,1264.0,derived_from_digitised_area_compositions,RAR2 Figure 3.19; sample-size weighted North/South pool; ages 30+ pooled
2010,all,0,0.0,1421.0,derived_from_digitised_area_compositions,RAR2 Figure 3.19; sample-size weighted North/South pool; ages 30+ pooled
2010,all,1,0.0,1421.0,derived_from_digitised_area_compositions,RAR2 Figure 3.19; sample-size weighted North/South pool; ages 30+ pooled
2010,all,2,0.0,1421.0,derived_from_digitised_area_compositions,RAR2 Figure 3.19; sample-size weighted North/South pool; ages 30+ pooled
2010,all,3,0.0,1421.0,derived_from_digitised_area_compositions,RAR2 Figure 3.19; sample-size weighted North/South pool; ages 30+ pooled
2010,all,4,0.0,1421.0,derived_from_digitised_area_compositions,RAR2 Figure 3.19; sample-size weighted North/South pool; ages 30+ pooled
2010,all,5,0.00641612838547093,1421.0,derived_from_digitised_area_compositions,RAR2 Figure 3.19; sample-size weighted North/South pool; ages 30+ pooled
2010,all,6,0.13947847437345604,1421.0,derived_from_digitised_area_compositions,RAR2 Figure 3.19; sample-size weighted North/South pool; ages 30+ pooled
2010,all,7,0.13947847437345604,1421.0,derived_from_digitised_area_compositions,RAR2 Figure 3.19; sample-size weighted North/South pool; ages 30+ pooled
2010,all,8,0.1159205289553796,1421.0,derived_from_digitised_area_compositions,RAR2 Figure 3.19; sample-size weighted North/South pool; ages 30+ pooled
2010,all,9,0.1159205289553796,1421.0,derived_from_digitised_area_compositions,RAR2 Figure 3.19; sample-size weighted North/South pool; ages 30+ pooled
2010,all,10,0.04941346196489932,1421.0,derived_from_digitised_area_compositions,RAR2 Figure 3.19; sample-size weighted North/South pool; ages 30+ pooled
2010,all,11,0.13162521089304433,1421.0,derived_from_digitised_area_compositions,RAR2 Figure 3.19; sample-size weighted North/South pool; ages 30+ pooled
2010,all,12,0.13162521089304433,1421.0,derived_from_digitised_area_compositions,RAR2 Figure 3.19; sample-size weighted North/South pool; ages 30+ pooled
2010,all,13,0.03978926938669292,1421.0,derived_from_digitised_area_compositions,RAR2 Figure 3.19; sample-size weighted North/South pool; ages 30+ pooled
2010,all,14,0.03926262735574109,1421.0,derived_from_digitised_area_compositions,RAR2 Figure 3.19; sample-size weighted North/South pool; ages 30+ pooled
2010,all,15,0.03926262735574109,1421.0,derived_from_digitised_area_compositions,RAR2 Figure 3.19; sample-size weighted North/South pool; ages 30+ pooled
2010,all,16,0.024036375442003752,1421.0,derived_from_digitised_area_compositions,RAR2 Figure 3.19; sample-size weighted North/South pool; ages 30+ pooled
2010,all,17,0.013885540832845522,1421.0,derived_from_digitised_area_compositions,RAR2 Figure 3.19; sample-size weighted North/South pool; ages 30+ pooled
2010,all,18,0.013885540832845522,1421.0,derived_from_digitised_area_compositions,RAR2 Figure 3.19; sample-size weighted North/South pool; ages 30+ pooled
2010,all,19,0.0,1421.0,derived_from_digitised_area_compositions,RAR2 Figure 3.19; sample-size weighted North/South pool; ages 30+ pooled
2010,all,20,0.0,1421.0,derived_from_digitised_area_compositions,RAR2 Figure 3.19; sample-size weighted North/South pool; ages 30+ pooled
2010,all,21,0.0,1421.0,derived_from_digitised_area_compositions,RAR2 Figure 3.19; sample-size weighted North/South pool; ages 30+ pooled
2010,all,22,0.0,1421.0,derived_from_digitised_area_compositions,RAR2 Figure 3.19; sample-size weighted North/South pool; ages 30+ pooled
2010,all,23,0.0,1421.0,derived_from_digitised_area_compositions,RAR2 Figure 3.19; sample-size weighted North/South pool; ages 30+ pooled
2010,all,24,0.0,1421.0,derived_from_digitised_area_compositions,RAR2 Figure 3.19; sample-size weighted North/South pool; ages 30+ pooled
2010,all,25,0.0,1421.0,derived_from_digitised_area_compositions,RAR2 Figure 3.19; sample-size weighted North/South pool; ages 30+ pooled
2010,all,26,0.0,1421.0,derived_from_digitised_area_compositions,RAR2 Figure 3.19; sample-size weighted North/South pool; ages 30+ pooled
2010,all,27,0.0,1421.0,derived_from_digitised_area_compositions,RAR2 Figure 3.19; sample-size weighted North/South pool; ages 30+ pooled
2010,all,28,0.0,1421.0,derived_from_digitised_area_compositions,RAR2 Figure 3.19; sample-size weighted North/South pool; ages 30+ pooled
2010,all,29,0.0,1421.0,derived_from_digitised_area_compositions,RAR2 Figure 3.19; sample-size weighted North/South pool; ages 30+ pooled
2010,all,30,0.0,1421.0,derived_from_digitised_area_compositions,RAR2 Figure 3.19; sample-size weighted North/South pool; ages 30+ pooled
2011,all,0,0.0,1832.0,derived_from_digitised_area_compositions,RAR2 Figure 3.19; sample-size weighted North/South pool; ages 30+ pooled
2011,all,1,0.0,1832.0,derived_from_digitised_area_compositions,RAR2 Figure 3.19; sample-size weighted North/South pool; ages 30+ pooled
2011,all,2,0.0,1832.0,derived_from_digitised_area_compositions,RAR2 Figure 3.19; sample-size weighted North/South pool; ages 30+ pooled
2011,all,3,0.0,1832.0,derived_from_digitised_area_compositions,RAR2 Figure 3.19; sample-size weighted North/South pool; ages 30+ pooled
2011,all,4,0.0,1832.0,derived_from_digitised_area_compositions,RAR2 Figure 3.19; sample-size weighted North/South pool; ages 30+ pooled
2011,all,5,0.04539154294460017,1832.0,derived_from_digitised_area_compositions,RAR2 Figure 3.19; sample-size weighted North/South pool; ages 30+ pooled
2011,all,6,0.11333292513504248,1832.0,derived_from_digitised_area_compositions,RAR2 Figure 3.19; sample-size weighted North/South pool; ages 30+ pooled
2011,all,7,0.15843260362672681,1832.0,derived_from_digitised_area_compositions,RAR2 Figure 3.19; sample-size weighted North/South pool; ages 30+ pooled
2011,all,8,0.15843260362672681,1832.0,derived_from_digitised_area_compositions,RAR2 Figure 3.19; sample-size weighted North/South pool; ages 30+ pooled
2011,all,9,0.10771363161875072,1832.0,derived_from_digitised_area_compositions,RAR2 Figure 3.19; sample-size weighted North/South pool; ages 30+ pooled
2011,all,10,0.0954535190009617,1832.0,derived_from_digitised_area_compositions,RAR2 Figure 3.19; sample-size weighted North/South pool; ages 30+ pooled
2011,all,11,0.06852511109627403,1832.0,derived_from_digitised_area_compositions,RAR2 Figure 3.19; sample-size weighted North/South pool; ages 30+ pooled
2011,all,12,0.08136895261989474,1832.0,derived_from_digitised_area_compositions,RAR2 Figure 3.19; sample-size weighted North/South pool; ages 30+ pooled
2011,all,13,0.08136895261989474,1832.0,derived_from_digitised_area_compositions,RAR2 Figure 3.19; sample-size weighted North/South pool; ages 30+ pooled
2011,all,14,0.03539368076946288,1832.0,derived_from_digitised_area_compositions,RAR2 Figure 3.19; sample-size weighted North/South pool; ages 30+ pooled
2011,all,15,0.024958021914951806,1832.0,derived_from_digitised_area_compositions,RAR2 Figure 3.19; sample-size weighted North/South pool; ages 30+ pooled
2011,all,16,0.012697909297162793,1832.0,derived_from_digitised_area_compositions,RAR2 Figure 3.19; sample-size weighted North/South pool; ages 30+ pooled
2011,all,17,0.008465272864775195,1832.0,derived_from_digitised_area_compositions,RAR2 Figure 3.19; sample-size weighted North/South pool; ages 30+ pooled
2011,all,18,0.008465272864775195,1832.0,derived_from_digitised_area_compositions,RAR2 Figure 3.19; sample-size weighted North/South pool; ages 30+ pooled
2011,all,19,0.0,1832.0,derived_from_digitised_area_compositions,RAR2 Figure 3.19; sample-size weighted North/South pool; ages 30+ pooled
2011,all,20,0.0,1832.0,derived_from_digitised_area_compositions,RAR2 Figure 3.19; sample-size weighted North/South pool; ages 30+ pooled
2011,all,21,0.0,1832.0,derived_from_digitised_area_compositions,RAR2 Figure 3.19; sample-size weighted North/South pool; ages 30+ pooled
2011,all,22,0.0,1832.0,derived_from_digitised_area_compositions,RAR2 Figure 3.19; sample-size weighted North/South pool; ages 30+ pooled
2011,all,23,0.0,1832.0,derived_from_digitised_area_compositions,RAR2 Figure 3.19; sample-size weighted North/South pool; ages 30+ pooled
2011,all,24,0.0,1832.0,derived_from_digitised_area_compositions,RAR2 Figure 3.19; sample-size weighted North/South pool; ages 30+ pooled
2011,all,25,0.0,1832.0,derived_from_digitised_area_compositions,RAR2 Figure 3.19; sample-size weighted North/South pool; ages 30+ pooled
2011,all,26,0.0,1832.0,derived_from_digitised_area_compositions,RAR2 Figure 3.19; sample-size weighted North/South pool; ages 30+ pooled
2011,all,27,0.0,1832.0,derived_from_digitised_area_compositions,RAR2 Figure 3.19; sample-size weighted North/South pool; ages 30+ pooled
2011,all,28,0.0,1832.0,derived_from_digitised_area_compositions,RAR2 Figure 3.19; sample-size weighted North/South pool; ages 30+ pooled
2011,all,29,0.0,1832.0,derived_from_digitised_area_compositions,RAR2 Figure 3.19; sample-size weighted North/South pool; ages 30+ pooled
2011,all,30,0.0,1832.0,derived_from_digitised_area_compositions,RAR2 Figure 3.19; sample-size weighted North/South pool; ages 30+ pooled
2012,all,0,0.0,1635.0,derived_from_digitised_area_compositions,RAR2 Figure 3.19; sample-size weighted North/South pool; ages 30+ pooled
2012,all,1,0.0,1635.0,derived_from_digitised_area_compositions,RAR2 Figure 3.19; sample-size weighted North/South pool; ages 30+ pooled
2012,all,2,0.0,1635.0,derived_from_digitised_area_compositions,RAR2 Figure 3.19; sample-size weighted North/South pool; ages 30+ pooled
2012,all,3,0.0,1635.0,derived_from_digitised_area_compositions,RAR2 Figure 3.19; sample-size weighted North/South pool; ages 30+ pooled
2012,all,4,0.0,1635.0,derived_from_digitised_area_compositions,RAR2 Figure 3.19; sample-size weighted North/South pool; ages 30+ pooled
2012,all,5,0.04617992941936974,1635.0,derived_from_digitised_area_compositions,RAR2 Figure 3.19; sample-size weighted North/South pool; ages 30+ pooled
2012,all,6,0.09690808771732257,1635.0,derived_from_digitised_area_compositions,RAR2 Figure 3.19; sample-size weighted North/South pool; ages 30+ pooled
2012,all,7,0.1513543310464585,1635.0,derived_from_digitised_area_compositions,RAR2 Figure 3.19; sample-size weighted North/South pool; ages 30+ pooled
2012,all,8,0.1513543310464585,1635.0,derived_from_digitised_area_compositions,RAR2 Figure 3.19; sample-size weighted North/South pool; ages 30+ pooled
2012,all,9,0.12507177257417476,1635.0,derived_from_digitised_area_compositions,RAR2 Figure 3.19; sample-size weighted North/South pool; ages 30+ pooled
2012,all,10,0.10145631659590565,1635.0,derived_from_digitised_area_compositions,RAR2 Figure 3.19; sample-size weighted North/South pool; ages 30+ pooled
2012,all,11,0.0687885705984241,1635.0,derived_from_digitised_area_compositions,RAR2 Figure 3.19; sample-size weighted North/South pool; ages 30+ pooled
2012,all,12,0.05431374011527488,1635.0,derived_from_digitised_area_compositions,RAR2 Figure 3.19; sample-size weighted North/South pool; ages 30+ pooled
2012,all,13,0.0579434896705506,1635.0,derived_from_digitised_area_compositions,RAR2 Figure 3.19; sample-size weighted North/South pool; ages 30+ pooled
2012,all,14,0.055232219438582225,1635.0,derived_from_digitised_area_compositions,RAR2 Figure 3.19; sample-size weighted North/South pool; ages 30+ pooled
2012,all,15,0.03349788984488154,1635.0,derived_from_digitised_area_compositions,RAR2 Figure 3.19; sample-size weighted North/South pool; ages 30+ pooled
2012,all,16,0.016267621391810247,1635.0,derived_from_digitised_area_compositions,RAR2 Figure 3.19; sample-size weighted North/South pool; ages 30+ pooled
2012,all,17,0.023527120502361703,1635.0,derived_from_digitised_area_compositions,RAR2 Figure 3.19; sample-size weighted North/South pool; ages 30+ pooled
2012,all,18,0.018104580038424953,1635.0,derived_from_digitised_area_compositions,RAR2 Figure 3.19; sample-size weighted North/South pool; ages 30+ pooled
2012,all,19,0.0,1635.0,derived_from_digitised_area_compositions,RAR2 Figure 3.19; sample-size weighted North/South pool; ages 30+ pooled
2012,all,20,0.0,1635.0,derived_from_digitised_area_compositions,RAR2 Figure 3.19; sample-size weighted North/South pool; ages 30+ pooled
2012,all,21,0.0,1635.0,derived_from_digitised_area_compositions,RAR2 Figure 3.19; sample-size weighted North/South pool; ages 30+ pooled
2012,all,22,0.0,1635.0,derived_from_digitised_area_compositions,RAR2 Figure 3.19; sample-size weighted North/South pool; ages 30+ pooled
2012,all,23,0.0,1635.0,derived_from_digitised_area_compositions,RAR2 Figure 3.19; sample-size weighted North/South pool; ages 30+ pooled
2012,all,24,0.0,1635.0,derived_from_digitised_area_compositions,RAR2 Figure 3.19; sample-size weighted North/South pool; ages 30+ pooled
2012,all,25,0.0,1635.0,derived_from_digitised_area_compositions,RAR2 Figure 3.19; sample-size weighted North/South pool; ages 30+ pooled
2012,all,26,0.0,1635.0,derived_from_digitised_area_compositions,RAR2 Figure 3.19; sample-size weighted North/South pool; ages 30+ pooled
2012,all,27,0.0,1635.0,derived_from_digitised_area_compositions,RAR2 Figure 3.19; sample-size weighted North/South pool; ages 30+ pooled
2012,all,28,0.0,1635.0,derived_from_digitised_area_compositions,RAR2 Figure 3.19; sample-size weighted North/South pool; ages 30+ pooled
2012,all,29,0.0,1635.0,derived_from_digitised_area_compositions,RAR2 Figure 3.19; sample-size weighted North/South pool; ages 30+ pooled
2012,all,30,0.0,1635.0,derived_from_digitised_area_compositions,RAR2 Figure 3.19; sample-size weighted North/South pool; ages 30+ pooled
2013,all,0,0.0,1891.0,derived_from_digitised_area_compositions,RAR2 Figure 3.19; sample-size weighted North/South pool; ages 30+ pooled
2013,all,1,0.0,1891.0,derived_from_digitised_area_compositions,RAR2 Figure 3.19; sample-size weighted North/South pool; ages 30+ pooled
2013,all,2,0.0,1891.0,derived_from_digitised_area_compositions,RAR2 Figure 3.19; sample-size weighted North/South pool; ages 30+ pooled
2013,all,3,0.0,1891.0,derived_from_digitised_area_compositions,RAR2 Figure 3.19; sample-size weighted North/South pool; ages 30+ pooled
2013,all,4,0.016520059578437062,1891.0,derived_from_digitised_area_compositions,RAR2 Figure 3.19; sample-size weighted North/South pool; ages 30+ pooled
2013,all,5,0.06811185276223661,1891.0,derived_from_digitised_area_compositions,RAR2 Figure 3.19; sample-size weighted North/South pool; ages 30+ pooled
2013,all,6,0.14075910882479645,1891.0,derived_from_digitised_area_compositions,RAR2 Figure 3.19; sample-size weighted North/South pool; ages 30+ pooled
2013,all,7,0.16201960211637298,1891.0,derived_from_digitised_area_compositions,RAR2 Figure 3.19; sample-size weighted North/South pool; ages 30+ pooled
2013,all,8,0.1537833917996715,1891.0,derived_from_digitised_area_compositions,RAR2 Figure 3.19; sample-size weighted North/South pool; ages 30+ pooled
2013,all,9,0.1275153208044252,1891.0,derived_from_digitised_area_compositions,RAR2 Figure 3.19; sample-size weighted North/South pool; ages 30+ pooled
2013,all,10,0.06508825056202112,1891.0,derived_from_digitised_area_compositions,RAR2 Figure 3.19; sample-size weighted North/South pool; ages 30+ pooled
2013,all,11,0.061025021665044414,1891.0,derived_from_digitised_area_compositions,RAR2 Figure 3.19; sample-size weighted North/South pool; ages 30+ pooled
2013,all,12,0.05039477501925614,1891.0,derived_from_digitised_area_compositions,RAR2 Figure 3.19; sample-size weighted North/South pool; ages 30+ pooled
2013,all,13,0.03892993208952291,1891.0,derived_from_digitised_area_compositions,RAR2 Figure 3.19; sample-size weighted North/South pool; ages 30+ pooled
2013,all,14,0.03892993208952291,1891.0,derived_from_digitised_area_compositions,RAR2 Figure 3.19; sample-size weighted North/South pool; ages 30+ pooled
2013,all,15,0.03184310099233073,1891.0,derived_from_digitised_area_compositions,RAR2 Figure 3.19; sample-size weighted North/South pool; ages 30+ pooled
2013,all,16,0.02089807141097811,1891.0,derived_from_digitised_area_compositions,RAR2 Figure 3.19; sample-size weighted North/South pool; ages 30+ pooled
2013,all,17,0.016520059578437062,1891.0,derived_from_digitised_area_compositions,RAR2 Figure 3.19; sample-size weighted North/South pool; ages 30+ pooled
2013,all,18,0.007661520706946832,1891.0,derived_from_digitised_area_compositions,RAR2 Figure 3.19; sample-size weighted North/South pool; ages 30+ pooled
2013,all,19,0.0,1891.0,derived_from_digitised_area_compositions,RAR2 Figure 3.19; sample-size weighted North/South pool; ages 30+ pooled
2013,all,20,0.0,1891.0,derived_from_digitised_area_compositions,RAR2 Figure 3.19; sample-size weighted North/South pool; ages 30+ pooled
2013,all,21,0.0,1891.0,derived_from_digitised_area_compositions,RAR2 Figure 3.19; sample-size weighted North/South pool; ages 30+ pooled
2013,all,22,0.0,1891.0,derived_from_digitised_area_compositions,RAR2 Figure 3.19; sample-size weighted North/South pool; ages 30+ pooled
2013,all,23,0.0,1891.0,derived_from_digitised_area_compositions,RAR2 Figure 3.19; sample-size weighted North/South pool; ages 30+ pooled
2013,all,24,0.0,1891.0,derived_from_digitised_area_compositions,RAR2 Figure 3.19; sample-size weighted North/South pool; ages 30+ pooled
2013,all,25,0.0,1891.0,derived_from_digitised_area_compositions,RAR2 Figure 3.19; sample-size weighted North/South pool; ages 30+ pooled
2013,all,26,0.0,1891.0,derived_from_digitised_area_compositions,RAR2 Figure 3.19; sample-size weighted North/South pool; ages 30+ pooled
2013,all,27,0.0,1891.0,derived_from_digitised_area_compositions,RAR2 Figure 3.19; sample-size weighted North/South pool; ages 30+ pooled
2013,all,28,0.0,1891.0,derived_from_digitised_area_compositions,RAR2 Figure 3.19; sample-size weighted North/South pool; ages 30+ pooled
2013,all,29,0.0,1891.0,derived_from_digitised_area_compositions,RAR2 Figure 3.19; sample-size weighted North/South pool; ages 30+ pooled
2013,all,30,0.0,1891.0,derived_from_digitised_area_compositions,RAR2 Figure 3.19; sample-size weighted North/South pool; ages 30+ pooled
2014,all,0,0.0,1725.0,derived_from_digitised_area_compositions,RAR2 Figure 3.19; sample-size weighted North/South pool; ages 30+ pooled
2014,all,1,0.0,1725.0,derived_from_digitised_area_compositions,RAR2 Figure 3.19; sample-size weighted North/South pool; ages 30+ pooled
2014,all,2,0.0,1725.0,derived_from_digitised_area_compositions,RAR2 Figure 3.19; sample-size weighted North/South pool; ages 30+ pooled
2014,all,3,0.0,1725.0,derived_from_digitised_area_compositions,RAR2 Figure 3.19; sample-size weighted North/South pool; ages 30+ pooled
2014,all,4,0.014035087719298248,1725.0,derived_from_digitised_area_compositions,RAR2 Figure 3.19; sample-size weighted North/South pool; ages 30+ pooled
2014,all,5,0.07940207662012172,1725.0,derived_from_digitised_area_compositions,RAR2 Figure 3.19; sample-size weighted North/South pool; ages 30+ pooled
2014,all,6,0.13354099534550662,1725.0,derived_from_digitised_area_compositions,RAR2 Figure 3.19; sample-size weighted North/South pool; ages 30+ pooled
2014,all,7,0.14150017901897602,1725.0,derived_from_digitised_area_compositions,RAR2 Figure 3.19; sample-size weighted North/South pool; ages 30+ pooled
2014,all,8,0.14992123165055496,1725.0,derived_from_digitised_area_compositions,RAR2 Figure 3.19; sample-size weighted North/South pool; ages 30+ pooled
2014,all,9,0.123390619405657,1725.0,derived_from_digitised_area_compositions,RAR2 Figure 3.19; sample-size weighted North/South pool; ages 30+ pooled
2014,all,10,0.08001790189760115,1725.0,derived_from_digitised_area_compositions,RAR2 Figure 3.19; sample-size weighted North/South pool; ages 30+ pooled
2014,all,11,0.05194772645900465,1725.0,derived_from_digitised_area_compositions,RAR2 Figure 3.19; sample-size weighted North/South pool; ages 30+ pooled
2014,all,12,0.04633369137128536,1725.0,derived_from_digitised_area_compositions,RAR2 Figure 3.19; sample-size weighted North/South pool; ages 30+ pooled
2014,all,13,0.03791263873970641,1725.0,derived_from_digitised_area_compositions,RAR2 Figure 3.19; sample-size weighted North/South pool; ages 30+ pooled
2014,all,14,0.037604726100966705,1725.0,derived_from_digitised_area_compositions,RAR2 Figure 3.19; sample-size weighted North/South pool; ages 30+ pooled
2014,all,15,0.037604726100966705,1725.0,derived_from_digitised_area_compositions,RAR2 Figure 3.19; sample-size weighted North/South pool; ages 30+ pooled
2014,all,16,0.02433941997851772,1725.0,derived_from_digitised_area_compositions,RAR2 Figure 3.19; sample-size weighted North/South pool; ages 30+ pooled
2014,all,17,0.010612244897959183,1725.0,derived_from_digitised_area_compositions,RAR2 Figure 3.19; sample-size weighted North/South pool; ages 30+ pooled
2014,all,18,0.010612244897959183,1725.0,derived_from_digitised_area_compositions,RAR2 Figure 3.19; sample-size weighted North/South pool; ages 30+ pooled
2014,all,19,0.010612244897959183,1725.0,derived_from_digitised_area_compositions,RAR2 Figure 3.19; sample-size weighted North/South pool; ages 30+ pooled
2014,all,20,0.010612244897959183,1725.0,derived_from_digitised_area_compositions,RAR2 Figure 3.19; sample-size weighted North/South pool; ages 30+ pooled
2014,all,21,0.0,1725.0,derived_from_digitised_area_compositions,RAR2 Figure 3.19; sample-size weighted North/South pool; ages 30+ pooled
2014,all,22,0.0,1725.0,derived_from_digitised_area_compositions,RAR2 Figure 3.19; sample-size weighted North/South pool; ages 30+ pooled
2014,all,23,0.0,1725.0,derived_from_digitised_area_compositions,RAR2 Figure 3.19; sample-size weighted North/South pool; ages 30+ pooled
2014,all,24,0.0,1725.0,derived_from_digitised_area_compositions,RAR2 Figure 3.19; sample-size weighted North/South pool; ages 30+ pooled
2014,all,25,0.0,1725.0,derived_from_digitised_area_compositions,RAR2 Figure 3.19; sample-size weighted North/South pool; ages 30+ pooled
2014,all,26,0.0,1725.0,derived_from_digitised_area_compositions,RAR2 Figure 3.19; sample-size weighted North/South pool; ages 30+ pooled
2014,all,27,0.0,1725.0,derived_from_digitised_area_compositions,RAR2 Figure 3.19; sample-size weighted North/South pool; ages 30+ pooled
2014,all,28,0.0,1725.0,derived_from_digitised_area_compositions,RAR2 Figure 3.19; sample-size weighted North/South pool; ages 30+ pooled
2014,all,29,0.0,1725.0,derived_from_digitised_area_compositions,RAR2 Figure 3.19; sample-size weighted North/South pool; ages 30+ pooled
2014,all,30,0.0,1725.0,derived_from_digitised_area_compositions,RAR2 Figure 3.19; sample-size weighted North/South pool; ages 30+ pooled
2015,all,0,0.0,2050.0,derived_from_digitised_area_compositions,RAR2 Figure 3.19; sample-size weighted North/South pool; ages 30+ pooled
2015,all,1,0.0,2050.0,derived_from_digitised_area_compositions,RAR2 Figure 3.19; sample-size weighted North/South pool; ages 30+ pooled
2015,all,2,0.0,2050.0,derived_from_digitised_area_compositions,RAR2 Figure 3.19; sample-size weighted North/South pool; ages 30+ pooled
2015,all,3,0.0,2050.0,derived_from_digitised_area_compositions,RAR2 Figure 3.19; sample-size weighted North/South pool; ages 30+ pooled
2015,all,4,0.003243243243243243,2050.0,derived_from_digitised_area_compositions,RAR2 Figure 3.19; sample-size weighted North/South pool; ages 30+ pooled
2015,all,5,0.02945945945945946,2050.0,derived_from_digitised_area_compositions,RAR2 Figure 3.19; sample-size weighted North/South pool; ages 30+ pooled
2015,all,6,0.09846846846846846,2050.0,derived_from_digitised_area_compositions,RAR2 Figure 3.19; sample-size weighted North/South pool; ages 30+ pooled
2015,all,7,0.16765765765765764,2050.0,derived_from_digitised_area_compositions,RAR2 Figure 3.19; sample-size weighted North/South pool; ages 30+ pooled
2015,all,8,0.16765765765765764,2050.0,derived_from_digitised_area_compositions,RAR2 Figure 3.19; sample-size weighted North/South pool; ages 30+ pooled
2015,all,9,0.1481081081081081,2050.0,derived_from_digitised_area_compositions,RAR2 Figure 3.19; sample-size weighted North/South pool; ages 30+ pooled
2015,all,10,0.13144144144144143,2050.0,derived_from_digitised_area_compositions,RAR2 Figure 3.19; sample-size weighted North/South pool; ages 30+ pooled
2015,all,11,0.08495495495495496,2050.0,derived_from_digitised_area_compositions,RAR2 Figure 3.19; sample-size weighted North/South pool; ages 30+ pooled
2015,all,12,0.036126126126126125,2050.0,derived_from_digitised_area_compositions,RAR2 Figure 3.19; sample-size weighted North/South pool; ages 30+ pooled
2015,all,13,0.02981981981981982,2050.0,derived_from_digitised_area_compositions,RAR2 Figure 3.19; sample-size weighted North/South pool; ages 30+ pooled
2015,all,14,0.026576576576576576,2050.0,derived_from_digitised_area_compositions,RAR2 Figure 3.19; sample-size weighted North/South pool; ages 30+ pooled
2015,all,15,0.029909909909909906,2050.0,derived_from_digitised_area_compositions,RAR2 Figure 3.19; sample-size weighted North/South pool; ages 30+ pooled
2015,all,16,0.029909909909909906,2050.0,derived_from_digitised_area_compositions,RAR2 Figure 3.19; sample-size weighted North/South pool; ages 30+ pooled
2015,all,17,0.016666666666666666,2050.0,derived_from_digitised_area_compositions,RAR2 Figure 3.19; sample-size weighted North/South pool; ages 30+ pooled
2015,all,18,0.0,2050.0,derived_from_digitised_area_compositions,RAR2 Figure 3.19; sample-size weighted North/South pool; ages 30+ pooled
2015,all,19,0.0,2050.0,derived_from_digitised_area_compositions,RAR2 Figure 3.19; sample-size weighted North/South pool; ages 30+ pooled
2015,all,20,0.0,2050.0,derived_from_digitised_area_compositions,RAR2 Figure 3.19; sample-size weighted North/South pool; ages 30+ pooled
2015,all,21,0.0,2050.0,derived_from_digitised_area_compositions,RAR2 Figure 3.19; sample-size weighted North/South pool; ages 30+ pooled
2015,all,22,0.0,2050.0,derived_from_digitised_area_compositions,RAR2 Figure 3.19; sample-size weighted North/South pool; ages 30+ pooled
2015,all,23,0.0,2050.0,derived_from_digitised_area_compositions,RAR2 Figure 3.19; sample-size weighted North/South pool; ages 30+ pooled
2015,all,24,0.0,2050.0,derived_from_digitised_area_compositions,RAR2 Figure 3.19; sample-size weighted North/South pool; ages 30+ pooled
2015,all,25,0.0,2050.0,derived_from_digitised_area_compositions,RAR2 Figure 3.19; sample-size weighted North/South pool; ages 30+ pooled
2015,all,26,0.0,2050.0,derived_from_digitised_area_compositions,RAR2 Figure 3.19; sample-size weighted North/South pool; ages 30+ pooled
2015,all,27,0.0,2050.0,derived_from_digitised_area_compositions,RAR2 Figure 3.19; sample-size weighted North/South pool; ages 30+ pooled
2015,all,28,0.0,2050.0,derived_from_digitised_area_compositions,RAR2 Figure 3.19; sample-size weighted North/South pool; ages 30+ pooled
2015,all,29,0.0,2050.0,derived_from_digitised_area_compositions,RAR2 Figure 3.19; sample-size weighted North/South pool; ages 30+ pooled
2015,all,30,0.0,2050.0,derived_from_digitised_area_compositions,RAR2 Figure 3.19; sample-size weighted North/South pool; ages 30+ pooled
2016,all,0,0.0,1517.0,derived_from_digitised_area_compositions,RAR2 Figure 3.19; sample-size weighted North/South pool; ages 30+ pooled
2016,all,1,0.0,1517.0,derived_from_digitised_area_compositions,RAR2 Figure 3.19; sample-size weighted North/South pool; ages 30+ pooled
2016,all,2,0.0,1517.0,derived_from_digitised_area_compositions,RAR2 Figure 3.19; sample-size weighted North/South pool; ages 30+ pooled
2016,all,3,0.0,1517.0,derived_from_digitised_area_compositions,RAR2 Figure 3.19; sample-size weighted North/South pool; ages 30+ pooled
2016,all,4,0.0,1517.0,derived_from_digitised_area_compositions,RAR2 Figure 3.19; sample-size weighted North/South pool; ages 30+ pooled
2016,all,5,0.05244675819024393,1517.0,derived_from_digitised_area_compositions,RAR2 Figure 3.19; sample-size weighted North/South pool; ages 30+ pooled
2016,all,6,0.12672140521844014,1517.0,derived_from_digitised_area_compositions,RAR2 Figure 3.19; sample-size weighted North/South pool; ages 30+ pooled
2016,all,7,0.14059693608717372,1517.0,derived_from_digitised_area_compositions,RAR2 Figure 3.19; sample-size weighted North/South pool; ages 30+ pooled
2016,all,8,0.164919671987929,1517.0,derived_from_digitised_area_compositions,RAR2 Figure 3.19; sample-size weighted North/South pool; ages 30+ pooled
2016,all,9,0.14271882259795526,1517.0,derived_from_digitised_area_compositions,RAR2 Figure 3.19; sample-size weighted North/South pool; ages 30+ pooled
2016,all,10,0.11979522746420805,1517.0,derived_from_digitised_area_compositions,RAR2 Figure 3.19; sample-size weighted North/South pool; ages 30+ pooled
2016,all,11,0.07254889642970554,1517.0,derived_from_digitised_area_compositions,RAR2 Figure 3.19; sample-size weighted North/South pool; ages 30+ pooled
2016,all,12,0.041299982774718184,1517.0,derived_from_digitised_area_compositions,RAR2 Figure 3.19; sample-size weighted North/South pool; ages 30+ pooled
2016,all,13,0.02952316305649671,1517.0,derived_from_digitised_area_compositions,RAR2 Figure 3.19; sample-size weighted North/South pool; ages 30+ pooled
2016,all,14,0.02952316305649671,1517.0,derived_from_digitised_area_compositions,RAR2 Figure 3.19; sample-size weighted North/South pool; ages 30+ pooled
2016,all,15,0.019099133384744442,1517.0,derived_from_digitised_area_compositions,RAR2 Figure 3.19; sample-size weighted North/South pool; ages 30+ pooled
2016,all,16,0.022585397622129917,1517.0,derived_from_digitised_area_compositions,RAR2 Figure 3.19; sample-size weighted North/South pool; ages 30+ pooled
2016,all,17,0.022585397622129917,1517.0,derived_from_digitised_area_compositions,RAR2 Figure 3.19; sample-size weighted North/South pool; ages 30+ pooled
2016,all,18,0.015636044507628403,1517.0,derived_from_digitised_area_compositions,RAR2 Figure 3.19; sample-size weighted North/South pool; ages 30+ pooled
2016,all,19,0.0,1517.0,derived_from_digitised_area_compositions,RAR2 Figure 3.19; sample-size weighted North/South pool; ages 30+ pooled
2016,all,20,0.0,1517.0,derived_from_digitised_area_compositions,RAR2 Figure 3.19; sample-size weighted North/South pool; ages 30+ pooled
2016,all,21,0.0,1517.0,derived_from_digitised_area_compositions,RAR2 Figure 3.19; sample-size weighted North/South pool; ages 30+ pooled
2016,all,22,0.0,1517.0,derived_from_digitised_area_compositions,RAR2 Figure 3.19; sample-size weighted North/South pool; ages 30+ pooled
2016,all,23,0.0,1517.0,derived_from_digitised_area_compositions,RAR2 Figure 3.19; sample-size weighted North/South pool; ages 30+ pooled
2016,all,24,0.0,1517.0,derived_from_digitised_area_compositions,RAR2 Figure 3.19; sample-size weighted North/South pool; ages 30+ pooled
2016,all,25,0.0,1517.0,derived_from_digitised_area_compositions,RAR2 Figure 3.19; sample-size weighted North/South pool; ages 30+ pooled
2016,all,26,0.0,1517.0,derived_from_digitised_area_compositions,RAR2 Figure 3.19; sample-size weighted North/South pool; ages 30+ pooled
2016,all,27,0.0,1517.0,derived_from_digitised_area_compositions,RAR2 Figure 3.19; sample-size weighted North/South pool; ages 30+ pooled
2016,all,28,0.0,1517.0,derived_from_digitised_area_compositions,RAR2 Figure 3.19; sample-size weighted North/South pool; ages 30+ pooled
2016,all,29,0.0,1517.0,derived_from_digitised_area_compositions,RAR2 Figure 3.19; sample-size weighted North/South pool; ages 30+ pooled
2016,all,30,0.0,1517.0,derived_from_digitised_area_compositions,RAR2 Figure 3.19; sample-size weighted North/South pool; ages 30+ pooled
2017,all,0,0.0,883.0,derived_from_digitised_area_compositions,RAR2 Figure 3.19; sample-size weighted North/South pool; ages 30+ pooled
2017,all,1,0.0,883.0,derived_from_digitised_area_compositions,RAR2 Figure 3.19; sample-size weighted North/South pool; ages 30+ pooled
2017,all,2,0.0,883.0,derived_from_digitised_area_compositions,RAR2 Figure 3.19; sample-size weighted North/South pool; ages 30+ pooled
2017,all,3,0.0,883.0,derived_from_digitised_area_compositions,RAR2 Figure 3.19; sample-size weighted North/South pool; ages 30+ pooled
2017,all,4,0.0,883.0,derived_from_digitised_area_compositions,RAR2 Figure 3.19; sample-size weighted North/South pool; ages 30+ pooled
2017,all,5,0.031651425108689235,883.0,derived_from_digitised_area_compositions,RAR2 Figure 3.19; sample-size weighted North/South pool; ages 30+ pooled
2017,all,6,0.18080180927642922,883.0,derived_from_digitised_area_compositions,RAR2 Figure 3.19; sample-size weighted North/South pool; ages 30+ pooled
2017,all,7,0.2003479692529403,883.0,derived_from_digitised_area_compositions,RAR2 Figure 3.19; sample-size weighted North/South pool; ages 30+ pooled
2017,all,8,0.10339467808922458,883.0,derived_from_digitised_area_compositions,RAR2 Figure 3.19; sample-size weighted North/South pool; ages 30+ pooled
2017,all,9,0.12460668459710894,883.0,derived_from_digitised_area_compositions,RAR2 Figure 3.19; sample-size weighted North/South pool; ages 30+ pooled
2017,all,10,0.12460668459710894,883.0,derived_from_digitised_area_compositions,RAR2 Figure 3.19; sample-size weighted North/South pool; ages 30+ pooled
2017,all,11,0.06426535826953839,883.0,derived_from_digitised_area_compositions,RAR2 Figure 3.19; sample-size weighted North/South pool; ages 30+ pooled
2017,all,12,0.028689901218881316,883.0,derived_from_digitised_area_compositions,RAR2 Figure 3.19; sample-size weighted North/South pool; ages 30+ pooled
2017,all,13,0.02380336122475355,883.0,derived_from_digitised_area_compositions,RAR2 Figure 3.19; sample-size weighted North/South pool; ages 30+ pooled
2017,all,14,0.024469699837302888,883.0,derived_from_digitised_area_compositions,RAR2 Figure 3.19; sample-size weighted North/South pool; ages 30+ pooled
2017,all,15,0.01795431317846587,883.0,derived_from_digitised_area_compositions,RAR2 Figure 3.19; sample-size weighted North/South pool; ages 30+ pooled
2017,all,16,0.01795431317846587,883.0,derived_from_digitised_area_compositions,RAR2 Figure 3.19; sample-size weighted North/South pool; ages 30+ pooled
2017,all,17,0.01795431317846587,883.0,derived_from_digitised_area_compositions,RAR2 Figure 3.19; sample-size weighted North/South pool; ages 30+ pooled
2017,all,18,0.01795431317846587,883.0,derived_from_digitised_area_compositions,RAR2 Figure 3.19; sample-size weighted North/South pool; ages 30+ pooled
2017,all,19,0.0,883.0,derived_from_digitised_area_compositions,RAR2 Figure 3.19; sample-size weighted North/South pool; ages 30+ pooled
2017,all,20,0.0,883.0,derived_from_digitised_area_compositions,RAR2 Figure 3.19; sample-size weighted North/South pool; ages 30+ pooled
2017,all,21,0.0,883.0,derived_from_digitised_area_compositions,RAR2 Figure 3.19; sample-size weighted North/South pool; ages 30+ pooled
2017,all,22,0.010772587907079521,883.0,derived_from_digitised_area_compositions,RAR2 Figure 3.19; sample-size weighted North/South pool; ages 30+ pooled
2017,all,23,0.010772587907079521,883.0,derived_from_digitised_area_compositions,RAR2 Figure 3.19; sample-size weighted North/South pool; ages 30+ pooled
2017,all,24,0.0,883.0,derived_from_digitised_area_compositions,RAR2 Figure 3.19; sample-size weighted North/South pool; ages 30+ pooled
2017,all,25,0.0,883.0,derived_from_digitised_area_compositions,RAR2 Figure 3.19; sample-size weighted North/South pool; ages 30+ pooled
2017,all,26,0.0,883.0,derived_from_digitised_area_compositions,RAR2 Figure 3.19; sample-size weighted North/South pool; ages 30+ pooled
2017,all,27,0.0,883.0,derived_from_digitised_area_compositions,RAR2 Figure 3.19; sample-size weighted North/South pool; ages 30+ pooled
2017,all,28,0.0,883.0,derived_from_digitised_area_compositions,RAR2 Figure 3.19; sample-size weighted North/South pool; ages 30+ pooled
2017,all,29,0.0,883.0,derived_from_digitised_area_compositions,RAR2 Figure 3.19; sample-size weighted North/South pool; ages 30+ pooled
2017,all,30,0.0,883.0,derived_from_digitised_area_compositions,RAR2 Figure 3.19; sample-size weighted North/South pool; ages 30+ pooled
2018,all,0,0.0,181.0,derived_from_digitised_area_compositions,RAR2 Figure 3.19; sample-size weighted North/South pool; ages 30+ pooled
2018,all,1,0.0,181.0,derived_from_digitised_area_compositions,RAR2 Figure 3.19; sample-size weighted North/South pool; ages 30+ pooled
2018,all,2,0.0,181.0,derived_from_digitised_area_compositions,RAR2 Figure 3.19; sample-size weighted North/South pool; ages 30+ pooled
2018,all,3,0.0,181.0,derived_from_digitised_area_compositions,RAR2 Figure 3.19; sample-size weighted North/South pool; ages 30+ pooled
2018,all,4,0.0,181.0,derived_from_digitised_area_compositions,RAR2 Figure 3.19; sample-size weighted North/South pool; ages 30+ pooled
2018,all,5,0.07033639143730887,181.0,derived_from_digitised_area_compositions,RAR2 Figure 3.19; sample-size weighted North/South pool; ages 30+ pooled
2018,all,6,0.1926605504587156,181.0,derived_from_digitised_area_compositions,RAR2 Figure 3.19; sample-size weighted North/South pool; ages 30+ pooled
2018,all,7,0.25993883792048933,181.0,derived_from_digitised_area_compositions,RAR2 Figure 3.19; sample-size weighted North/South pool; ages 30+ pooled
2018,all,8,0.25993883792048933,181.0,derived_from_digitised_area_compositions,RAR2 Figure 3.19; sample-size weighted North/South pool; ages 30+ pooled
2018,all,9,0.08868501529051989,181.0,derived_from_digitised_area_compositions,RAR2 Figure 3.19; sample-size weighted North/South pool; ages 30+ pooled
2018,all,10,0.08868501529051989,181.0,derived_from_digitised_area_compositions,RAR2 Figure 3.19; sample-size weighted North/South pool; ages 30+ pooled
2018,all,11,0.03975535168195719,181.0,derived_from_digitised_area_compositions,RAR2 Figure 3.19; sample-size weighted North/South pool; ages 30+ pooled
2018,all,12,0.0,181.0,derived_from_digitised_area_compositions,RAR2 Figure 3.19; sample-size weighted North/South pool; ages 30+ pooled
2018,all,13,0.0,181.0,derived_from_digitised_area_compositions,RAR2 Figure 3.19; sample-size weighted North/South pool; ages 30+ pooled
2018,all,14,0.0,181.0,derived_from_digitised_area_compositions,RAR2 Figure 3.19; sample-size weighted North/South pool; ages 30+ pooled
2018,all,15,0.0,181.0,derived_from_digitised_area_compositions,RAR2 Figure 3.19; sample-size weighted North/South pool; ages 30+ pooled
2018,all,16,0.0,181.0,derived_from_digitised_area_compositions,RAR2 Figure 3.19; sample-size weighted North/South pool; ages 30+ pooled
2018,all,17,0.0,181.0,derived_from_digitised_area_compositions,RAR2 Figure 3.19; sample-size weighted North/South pool; ages 30+ pooled
2018,all,18,0.0,181.0,derived_from_digitised_area_compositions,RAR2 Figure 3.19; sample-size weighted North/South pool; ages 30+ pooled
2018,all,19,0.0,181.0,derived_from_digitised_area_compositions,RAR2 Figure 3.19; sample-size weighted North/South pool; ages 30+ pooled
2018,all,20,0.0,181.0,derived_from_digitised_area_compositions,RAR2 Figure 3.19; sample-size weighted North/South pool; ages 30+ pooled
2018,all,21,0.0,181.0,derived_from_digitised_area_compositions,RAR2 Figure 3.19; sample-size weighted North/South pool; ages 30+ pooled
2018,all,22,0.0,181.0,derived_from_digitised_area_compositions,RAR2 Figure 3.19; sample-size weighted North/South pool; ages 30+ pooled
2018,all,23,0.0,181.0,derived_from_digitised_area_compositions,RAR2 Figure 3.19; sample-size weighted North/South pool; ages 30+ pooled
2018,all,24,0.0,181.0,derived_from_digitised_area_compositions,RAR2 Figure 3.19; sample-size weighted North/South pool; ages 30+ pooled
2018,all,25,0.0,181.0,derived_from_digitised_area_compositions,RAR2 Figure 3.19; sample-size weighted North/South pool; ages 30+ pooled
2018,all,26,0.0,181.0,derived_from_digitised_area_compositions,RAR2 Figure 3.19; sample-size weighted North/South pool; ages 30+ pooled
2018,all,27,0.0,181.0,derived_from_digitised_area_compositions,RAR2 Figure 3.19; sample-size weighted North/South pool; ages 30+ pooled
2018,all,28,0.0,181.0,derived_from_digitised_area_compositions,RAR2 Figure 3.19; sample-size weighted North/South pool; ages 30+ pooled
2018,all,29,0.0,181.0,derived_from_digitised_area_compositions,RAR2 Figure 3.19; sample-size weighted North/South pool; ages 30+ pooled
2018,all,30,0.0,181.0,derived_from_digitised_area_compositions,RAR2 Figure 3.19; sample-size weighted North/South pool; ages 30+ pooled
2019,all,0,0.0,118.0,derived_from_digitised_area_compositions,RAR2 Figure 3.19; sample-size weighted North/South pool; ages 30+ pooled
2019,all,1,0.0,118.0,derived_from_digitised_area_compositions,RAR2 Figure 3.19; sample-size weighted North/South pool; ages 30+ pooled
2019,all,2,0.0,118.0,derived_from_digitised_area_compositions,RAR2 Figure 3.19; sample-size weighted North/South pool; ages 30+ pooled
2019,all,3,0.0,118.0,derived_from_digitised_area_compositions,RAR2 Figure 3.19; sample-size weighted North/South pool; ages 30+ pooled
2019,all,4,0.0,118.0,derived_from_digitised_area_compositions,RAR2 Figure 3.19; sample-size weighted North/South pool; ages 30+ pooled
2019,all,5,0.047619047619047616,118.0,derived_from_digitised_area_compositions,RAR2 Figure 3.19; sample-size weighted North/South pool; ages 30+ pooled
2019,all,6,0.13095238095238096,118.0,derived_from_digitised_area_compositions,RAR2 Figure 3.19; sample-size weighted North/South pool; ages 30+ pooled
2019,all,7,0.25,118.0,derived_from_digitised_area_compositions,RAR2 Figure 3.19; sample-size weighted North/South pool; ages 30+ pooled
2019,all,8,0.25,118.0,derived_from_digitised_area_compositions,RAR2 Figure 3.19; sample-size weighted North/South pool; ages 30+ pooled
2019,all,9,0.1488095238095238,118.0,derived_from_digitised_area_compositions,RAR2 Figure 3.19; sample-size weighted North/South pool; ages 30+ pooled
2019,all,10,0.07738095238095237,118.0,derived_from_digitised_area_compositions,RAR2 Figure 3.19; sample-size weighted North/South pool; ages 30+ pooled
2019,all,11,0.07738095238095237,118.0,derived_from_digitised_area_compositions,RAR2 Figure 3.19; sample-size weighted North/South pool; ages 30+ pooled
2019,all,12,0.017857142857142856,118.0,derived_from_digitised_area_compositions,RAR2 Figure 3.19; sample-size weighted North/South pool; ages 30+ pooled
2019,all,13,0.0,118.0,derived_from_digitised_area_compositions,RAR2 Figure 3.19; sample-size weighted North/South pool; ages 30+ pooled
2019,all,14,0.0,118.0,derived_from_digitised_area_compositions,RAR2 Figure 3.19; sample-size weighted North/South pool; ages 30+ pooled
2019,all,15,0.0,118.0,derived_from_digitised_area_compositions,RAR2 Figure 3.19; sample-size weighted North/South pool; ages 30+ pooled
2019,all,16,0.0,118.0,derived_from_digitised_area_compositions,RAR2 Figure 3.19; sample-size weighted North/South pool; ages 30+ pooled
2019,all,17,0.0,118.0,derived_from_digitised_area_compositions,RAR2 Figure 3.19; sample-size weighted North/South pool; ages 30+ pooled
2019,all,18,0.0,118.0,derived_from_digitised_area_compositions,RAR2 Figure 3.19; sample-size weighted North/South pool; ages 30+ pooled
2019,all,19,0.0,118.0,derived_from_digitised_area_compositions,RAR2 Figure 3.19; sample-size weighted North/South pool; ages 30+ pooled
2019,all,20,0.0,118.0,derived_from_digitised_area_compositions,RAR2 Figure 3.19; sample-size weighted North/South pool; ages 30+ pooled
2019,all,21,0.0,118.0,derived_from_digitised_area_compositions,RAR2 Figure 3.19; sample-size weighted North/South pool; ages 30+ pooled
2019,all,22,0.0,118.0,derived_from_digitised_area_compositions,RAR2 Figure 3.19; sample-size weighted North/South pool; ages 30+ pooled
2019,all,23,0.0,118.0,derived_from_digitised_area_compositions,RAR2 Figure 3.19; sample-size weighted North/South pool; ages 30+ pooled
2019,all,24,0.0,118.0,derived_from_digitised_area_compositions,RAR2 Figure 3.19; sample-size weighted North/South pool; ages 30+ pooled
2019,all,25,0.0,118.0,derived_from_digitised_area_compositions,RAR2 Figure 3.19; sample-size weighted North/South pool; ages 30+ pooled
2019,all,26,0.0,118.0,derived_from_digitised_area_compositions,RAR2 Figure 3.19; sample-size weighted North/South pool; ages 30+ pooled
2019,all,27,0.0,118.0,derived_from_digitised_area_compositions,RAR2 Figure 3.19; sample-size weighted North/South pool; ages 30+ pooled
2019,all,28,0.0,118.0,derived_from_digitised_area_compositions,RAR2 Figure 3.19; sample-size weighted North/South pool; ages 30+ pooled
2019,all,29,0.0,118.0,derived_from_digitised_area_compositions,RAR2 Figure 3.19; sample-size weighted North/South pool; ages 30+ pooled
2019,all,30,0.0,118.0,derived_from_digitised_area_compositions,RAR2 Figure 3.19; sample-size weighted North/South pool; ages 30+ pooled
2020,all,0,0.0,1577.0,derived_from_digitised_area_compositions,RAR2 Figure 3.19; sample-size weighted North/South pool; ages 30+ pooled
2020,all,1,0.0,1577.0,derived_from_digitised_area_compositions,RAR2 Figure 3.19; sample-size weighted North/South pool; ages 30+ pooled
2020,all,2,0.0,1577.0,derived_from_digitised_area_compositions,RAR2 Figure 3.19; sample-size weighted North/South pool; ages 30+ pooled
2020,all,3,0.0,1577.0,derived_from_digitised_area_compositions,RAR2 Figure 3.19; sample-size weighted North/South pool; ages 30+ pooled
2020,all,4,0.0,1577.0,derived_from_digitised_area_compositions,RAR2 Figure 3.19; sample-size weighted North/South pool; ages 30+ pooled
2020,all,5,0.02812517204510907,1577.0,derived_from_digitised_area_compositions,RAR2 Figure 3.19; sample-size weighted North/South pool; ages 30+ pooled
2020,all,6,0.053390441037526985,1577.0,derived_from_digitised_area_compositions,RAR2 Figure 3.19; sample-size weighted North/South pool; ages 30+ pooled
2020,all,7,0.10996227483623881,1577.0,derived_from_digitised_area_compositions,RAR2 Figure 3.19; sample-size weighted North/South pool; ages 30+ pooled
2020,all,8,0.16479104348104934,1577.0,derived_from_digitised_area_compositions,RAR2 Figure 3.19; sample-size weighted North/South pool; ages 30+ pooled
2020,all,9,0.16066193375625945,1577.0,derived_from_digitised_area_compositions,RAR2 Figure 3.19; sample-size weighted North/South pool; ages 30+ pooled
2020,all,10,0.17210154596702407,1577.0,derived_from_digitised_area_compositions,RAR2 Figure 3.19; sample-size weighted North/South pool; ages 30+ pooled
2020,all,11,0.12458327980818829,1577.0,derived_from_digitised_area_compositions,RAR2 Figure 3.19; sample-size weighted North/South pool; ages 30+ pooled
2020,all,12,0.06768995630098278,1577.0,derived_from_digitised_area_compositions,RAR2 Figure 3.19; sample-size weighted North/South pool; ages 30+ pooled
2020,all,13,0.06197015019560046,1577.0,derived_from_digitised_area_compositions,RAR2 Figure 3.19; sample-size weighted North/South pool; ages 30+ pooled
2020,all,14,0.03098507509780023,1577.0,derived_from_digitised_area_compositions,RAR2 Figure 3.19; sample-size weighted North/South pool; ages 30+ pooled
2020,all,15,0.020019321368838123,1577.0,derived_from_digitised_area_compositions,RAR2 Figure 3.19; sample-size weighted North/South pool; ages 30+ pooled
2020,all,16,0.00571980610538232,1577.0,derived_from_digitised_area_compositions,RAR2 Figure 3.19; sample-size weighted North/South pool; ages 30+ pooled
2020,all,17,0.0,1577.0,derived_from_digitised_area_compositions,RAR2 Figure 3.19; sample-size weighted North/South pool; ages 30+ pooled
2020,all,18,0.0,1577.0,derived_from_digitised_area_compositions,RAR2 Figure 3.19; sample-size weighted North/South pool; ages 30+ pooled
2020,all,19,0.0,1577.0,derived_from_digitised_area_compositions,RAR2 Figure 3.19; sample-size weighted North/South pool; ages 30+ pooled
2020,all,20,0.0,1577.0,derived_from_digitised_area_compositions,RAR2 Figure 3.19; sample-size weighted North/South pool; ages 30+ pooled
2020,all,21,0.0,1577.0,derived_from_digitised_area_compositions,RAR2 Figure 3.19; sample-size weighted North/South pool; ages 30+ pooled
2020,all,22,0.0,1577.0,derived_from_digitised_area_compositions,RAR2 Figure 3.19; sample-size weighted North/South pool; ages 30+ pooled
2020,all,23,0.0,1577.0,derived_from_digitised_area_compositions,RAR2 Figure 3.19; sample-size weighted North/South pool; ages 30+ pooled
2020,all,24,0.0,1577.0,derived_from_digitised_area_compositions,RAR2 Figure 3.19; sample-size weighted North/South pool; ages 30+ pooled
2020,all,25,0.0,1577.0,derived_from_digitised_area_compositions,RAR2 Figure 3.19; sample-size weighted North/South pool; ages 30+ pooled
2020,all,26,0.0,1577.0,derived_from_digitised_area_compositions,RAR2 Figure 3.19; sample-size weighted North/South pool; ages 30+ pooled
2020,all,27,0.0,1577.0,derived_from_digitised_area_compositions,RAR2 Figure 3.19; sample-size weighted North/South pool; ages 30+ pooled
2020,all,28,0.0,1577.0,derived_from_digitised_area_compositions,RAR2 Figure 3.19; sample-size weighted North/South pool; ages 30+ pooled
2020,all,29,0.0,1577.0,derived_from_digitised_area_compositions,RAR2 Figure 3.19; sample-size weighted North/South pool; ages 30+ pooled
2020,all,30,0.0,1577.0,derived_from_digitised_area_compositions,RAR2 Figure 3.19; sample-size weighted North/South pool; ages 30+ pooled
2021,all,0,0.0,1445.0,derived_from_digitised_area_compositions,RAR2 Figure 3.19; sample-size weighted North/South pool; ages 30+ pooled
2021,all,1,0.0,1445.0,derived_from_digitised_area_compositions,RAR2 Figure 3.19; sample-size weighted North/South pool; ages 30+ pooled
2021,all,2,0.0,1445.0,derived_from_digitised_area_compositions,RAR2 Figure 3.19; sample-size weighted North/South pool; ages 30+ pooled
2021,all,3,0.0,1445.0,derived_from_digitised_area_compositions,RAR2 Figure 3.19; sample-size weighted North/South pool; ages 30+ pooled
2021,all,4,0.0,1445.0,derived_from_digitised_area_compositions,RAR2 Figure 3.19; sample-size weighted North/South pool; ages 30+ pooled
2021,all,5,0.005607922682257487,1445.0,derived_from_digitised_area_compositions,RAR2 Figure 3.19; sample-size weighted North/South pool; ages 30+ pooled
2021,all,6,0.04739304258659541,1445.0,derived_from_digitised_area_compositions,RAR2 Figure 3.19; sample-size weighted North/South pool; ages 30+ pooled
2021,all,7,0.07746482490725258,1445.0,derived_from_digitised_area_compositions,RAR2 Figure 3.19; sample-size weighted North/South pool; ages 30+ pooled
2021,all,8,0.08195116305305856,1445.0,derived_from_digitised_area_compositions,RAR2 Figure 3.19; sample-size weighted North/South pool; ages 30+ pooled
2021,all,9,0.09856393093629777,1445.0,derived_from_digitised_area_compositions,RAR2 Figure 3.19; sample-size weighted North/South pool; ages 30+ pooled
2021,all,10,0.16368241776926987,1445.0,derived_from_digitised_area_compositions,RAR2 Figure 3.19; sample-size weighted North/South pool; ages 30+ pooled
2021,all,11,0.17489826313378481,1445.0,derived_from_digitised_area_compositions,RAR2 Figure 3.19; sample-size weighted North/South pool; ages 30+ pooled
2021,all,12,0.1528885727318214,1445.0,derived_from_digitised_area_compositions,RAR2 Figure 3.19; sample-size weighted North/South pool; ages 30+ pooled
2021,all,13,0.06982473331562536,1445.0,derived_from_digitised_area_compositions,RAR2 Figure 3.19; sample-size weighted North/South pool; ages 30+ pooled
2021,all,14,0.03626159728749374,1445.0,derived_from_digitised_area_compositions,RAR2 Figure 3.19; sample-size weighted North/South pool; ages 30+ pooled
2021,all,15,0.02504575192297876,1445.0,derived_from_digitised_area_compositions,RAR2 Figure 3.19; sample-size weighted North/South pool; ages 30+ pooled
2021,all,16,0.020643813842586078,1445.0,derived_from_digitised_area_compositions,RAR2 Figure 3.19; sample-size weighted North/South pool; ages 30+ pooled
2021,all,17,0.012337429900966474,1445.0,derived_from_digitised_area_compositions,RAR2 Figure 3.19; sample-size weighted North/South pool; ages 30+ pooled
2021,all,18,0.005607922682257487,1445.0,derived_from_digitised_area_compositions,RAR2 Figure 3.19; sample-size weighted North/South pool; ages 30+ pooled
2021,all,19,0.005607922682257487,1445.0,derived_from_digitised_area_compositions,RAR2 Figure 3.19; sample-size weighted North/South pool; ages 30+ pooled
2021,all,20,0.005607922682257487,1445.0,derived_from_digitised_area_compositions,RAR2 Figure 3.19; sample-size weighted North/South pool; ages 30+ pooled
2021,all,21,0.0,1445.0,derived_from_digitised_area_compositions,RAR2 Figure 3.19; sample-size weighted North/South pool; ages 30+ pooled
2021,all,22,0.008306383941619604,1445.0,derived_from_digitised_area_compositions,RAR2 Figure 3.19; sample-size weighted North/South pool; ages 30+ pooled
2021,all,23,0.008306383941619604,1445.0,derived_from_digitised_area_compositions,RAR2 Figure 3.19; sample-size weighted North/South pool; ages 30+ pooled
2021,all,24,0.0,1445.0,derived_from_digitised_area_compositions,RAR2 Figure 3.19; sample-size weighted North/South pool; ages 30+ pooled
2021,all,25,0.0,1445.0,derived_from_digitised_area_compositions,RAR2 Figure 3.19; sample-size weighted North/South pool; ages 30+ pooled
2021,all,26,0.0,1445.0,derived_from_digitised_area_compositions,RAR2 Figure 3.19; sample-size weighted North/South pool; ages 30+ pooled
2021,all,27,0.0,1445.0,derived_from_digitised_area_compositions,RAR2 Figure 3.19; sample-size weighted North/South pool; ages 30+ pooled
2021,all,28,0.0,1445.0,derived_from_digitised_area_compositions,RAR2 Figure 3.19; sample-size weighted North/South pool; ages 30+ pooled
2021,all,29,0.0,1445.0,derived_from_digitised_area_compositions,RAR2 Figure 3.19; sample-size weighted North/South pool; ages 30+ pooled
2021,all,30,0.0,1445.0,derived_from_digitised_area_compositions,RAR2 Figure 3.19; sample-size weighted North/South pool; ages 30+ pooled
