year,sector,management_area,model_area,retained_catch_t,evidence_class,source
1975,commercial,kalbarri,north,0.0,digitised_from_published_figure_reconciled_to_sector_total,RAR2 Figure 3.15
1975,commercial,mid_west,north,23.084926518402913,digitised_from_published_figure_reconciled_to_sector_total,RAR2 Figure 3.15
1975,commercial,metropolitan,south,12.927558850305632,digitised_from_published_figure_reconciled_to_sector_total,RAR2 Figure 3.15
1975,commercial,south_west,south,24.93172063987514,digitised_from_published_figure_reconciled_to_sector_total,RAR2 Figure 3.15
1975,recreational,unknown,unknown,113.71961974899206,digitised_reconstructed_total_area_split_not_published,RAR2 Figure 3.15
1975,charter,unknown,unknown,1.09375,digitised_reconstructed_total_area_split_not_published,RAR2 Figure 3.15
1976,commercial,kalbarri,north,0.0,digitised_from_published_figure_reconciled_to_sector_total,RAR2 Figure 3.15
1976,commercial,mid_west,north,47.52452483139178,digitised_from_published_figure_reconciled_to_sector_total,RAR2 Figure 3.15
1976,commercial,metropolitan,south,20.62385039852851,digitised_from_published_figure_reconciled_to_sector_total,RAR2 Figure 3.15
1976,commercial,south_west,south,32.28080931943593,digitised_from_published_figure_reconciled_to_sector_total,RAR2 Figure 3.15
1976,recreational,unknown,unknown,108.53625105670437,digitised_reconstructed_total_area_split_not_published,RAR2 Figure 3.15
1976,charter,unknown,unknown,1.640625,digitised_reconstructed_total_area_split_not_published,RAR2 Figure 3.15
1977,commercial,kalbarri,north,0.0,digitised_from_published_figure_reconciled_to_sector_total,RAR2 Figure 3.15
1977,commercial,mid_west,north,45.383312989723194,digitised_from_published_figure_reconciled_to_sector_total,RAR2 Figure 3.15
1977,commercial,metropolitan,south,20.46698428948301,digitised_from_published_figure_reconciled_to_sector_total,RAR2 Figure 3.15
1977,commercial,south_west,south,31.145410875300225,digitised_from_published_figure_reconciled_to_sector_total,RAR2 Figure 3.15
1977,recreational,unknown,unknown,128.08951911822084,digitised_reconstructed_total_area_split_not_published,RAR2 Figure 3.15
1977,charter,unknown,unknown,2.1875,digitised_reconstructed_total_area_split_not_published,RAR2 Figure 3.15
1978,commercial,kalbarri,north,0.8906733121048502,digitised_from_published_figure_reconciled_to_sector_total,RAR2 Figure 3.15
1978,commercial,mid_west,north,79.26992477733168,digitised_from_published_figure_reconciled_to_sector_total,RAR2 Figure 3.15
1978,commercial,metropolitan,south,23.157506114726107,digitised_from_published_figure_reconciled_to_sector_total,RAR2 Figure 3.15
1978,commercial,south_west,south,62.34713184733951,digitised_from_published_figure_reconciled_to_sector_total,RAR2 Figure 3.15
1978,recreational,unknown,unknown,110.2320177363766,digitised_reconstructed_total_area_split_not_published,RAR2 Figure 3.15
1978,charter,unknown,unknown,2.890625,digitised_reconstructed_total_area_split_not_published,RAR2 Figure 3.15
1979,commercial,kalbarri,north,0.8838652105553905,digitised_from_published_figure_reconciled_to_sector_total,RAR2 Figure 3.15
1979,commercial,mid_west,north,106.06382526664683,digitised_from_published_figure_reconciled_to_sector_total,RAR2 Figure 3.15
1979,commercial,metropolitan,south,33.586878001104836,digitised_from_published_figure_reconciled_to_sector_total,RAR2 Figure 3.15
1979,commercial,south_west,south,38.00620405388178,digitised_from_published_figure_reconciled_to_sector_total,RAR2 Figure 3.15
1979,recreational,unknown,unknown,113.3981479223566,digitised_reconstructed_total_area_split_not_published,RAR2 Figure 3.15
1979,charter,unknown,unknown,3.515625,digitised_reconstructed_total_area_split_not_published,RAR2 Figure 3.15
1980,commercial,kalbarri,north,0.0,digitised_from_published_figure_reconciled_to_sector_total,RAR2 Figure 3.15
1980,commercial,mid_west,north,95.93690769264285,digitised_from_published_figure_reconciled_to_sector_total,RAR2 Figure 3.15
1980,commercial,metropolitan,south,19.36341256181782,digitised_from_published_figure_reconciled_to_sector_total,RAR2 Figure 3.15
1980,commercial,south_west,south,58.09023768545347,digitised_from_published_figure_reconciled_to_sector_total,RAR2 Figure 3.15
1980,recreational,unknown,unknown,116.56446099947979,digitised_reconstructed_total_area_split_not_published,RAR2 Figure 3.15
1980,charter,unknown,unknown,3.984375,digitised_reconstructed_total_area_split_not_published,RAR2 Figure 3.15
1981,commercial,kalbarri,north,0.0,digitised_from_published_figure_reconciled_to_sector_total,RAR2 Figure 3.15
1981,commercial,mid_west,north,73.15724284932455,digitised_from_published_figure_reconciled_to_sector_total,RAR2 Figure 3.15
1981,commercial,metropolitan,south,17.628251288993862,digitised_from_published_figure_reconciled_to_sector_total,RAR2 Figure 3.15
1981,commercial,south_west,south,40.54497796468589,digitised_from_published_figure_reconciled_to_sector_total,RAR2 Figure 3.15
1981,recreational,unknown,unknown,129.60229304851083,digitised_reconstructed_total_area_split_not_published,RAR2 Figure 3.15
1981,charter,unknown,unknown,4.21875,digitised_reconstructed_total_area_split_not_published,RAR2 Figure 3.15
1982,commercial,kalbarri,north,0.0,digitised_from_published_figure_reconciled_to_sector_total,RAR2 Figure 3.15
1982,commercial,mid_west,north,90.82764605173666,digitised_from_published_figure_reconciled_to_sector_total,RAR2 Figure 3.15
1982,commercial,metropolitan,south,15.872792513895728,digitised_from_published_figure_reconciled_to_sector_total,RAR2 Figure 3.15
1982,commercial,south_west,south,54.6729519923075,digitised_from_published_figure_reconciled_to_sector_total,RAR2 Figure 3.15
1982,recreational,unknown,unknown,127.80037838145404,digitised_reconstructed_total_area_split_not_published,RAR2 Figure 3.15
1982,charter,unknown,unknown,4.765625,digitised_reconstructed_total_area_split_not_published,RAR2 Figure 3.15
1983,commercial,kalbarri,north,0.0,digitised_from_published_figure_reconciled_to_sector_total,RAR2 Figure 3.15
1983,commercial,mid_west,north,116.10929333276675,digitised_from_published_figure_reconciled_to_sector_total,RAR2 Figure 3.15
1983,commercial,metropolitan,south,15.833085454468197,digitised_from_published_figure_reconciled_to_sector_total,RAR2 Figure 3.15
1983,commercial,south_west,south,45.74002464624145,digitised_from_published_figure_reconciled_to_sector_total,RAR2 Figure 3.15
1983,recreational,unknown,unknown,129.51693368773573,digitised_reconstructed_total_area_split_not_published,RAR2 Figure 3.15
1983,charter,unknown,unknown,4.921875,digitised_reconstructed_total_area_split_not_published,RAR2 Figure 3.15
1984,commercial,kalbarri,north,0.0,digitised_from_published_figure_reconciled_to_sector_total,RAR2 Figure 3.15
1984,commercial,mid_west,north,115.35548521158215,digitised_from_published_figure_reconciled_to_sector_total,RAR2 Figure 3.15
1984,commercial,metropolitan,south,40.19963878585438,digitised_from_published_figure_reconciled_to_sector_total,RAR2 Figure 3.15
1984,commercial,south_west,south,37.57792321286388,digitised_from_published_figure_reconciled_to_sector_total,RAR2 Figure 3.15
1984,recreational,unknown,unknown,143.58807021394202,digitised_reconstructed_total_area_split_not_published,RAR2 Figure 3.15
1984,charter,unknown,unknown,5.703125,digitised_reconstructed_total_area_split_not_published,RAR2 Figure 3.15
1985,commercial,kalbarri,north,1.7490279440849221,digitised_from_published_figure_reconciled_to_sector_total,RAR2 Figure 3.15
1985,commercial,mid_west,north,172.2792524923648,digitised_from_published_figure_reconciled_to_sector_total,RAR2 Figure 3.15
1985,commercial,metropolitan,south,42.85118463008059,digitised_from_published_figure_reconciled_to_sector_total,RAR2 Figure 3.15
1985,commercial,south_west,south,62.09049201501473,digitised_from_published_figure_reconciled_to_sector_total,RAR2 Figure 3.15
1985,recreational,unknown,unknown,127.4007815548186,digitised_reconstructed_total_area_split_not_published,RAR2 Figure 3.15
1985,charter,unknown,unknown,7.265625,digitised_reconstructed_total_area_split_not_published,RAR2 Figure 3.15
1986,commercial,kalbarri,north,1.756817688415357,digitised_from_published_figure_reconciled_to_sector_total,RAR2 Figure 3.15
1986,commercial,mid_west,north,144.0590504500593,digitised_from_published_figure_reconciled_to_sector_total,RAR2 Figure 3.15
1986,commercial,metropolitan,south,43.04203336617624,digitised_from_published_figure_reconciled_to_sector_total,RAR2 Figure 3.15
1986,commercial,south_west,south,36.8931714567225,digitised_from_published_figure_reconciled_to_sector_total,RAR2 Figure 3.15
1986,recreational,unknown,unknown,143.31852931135387,digitised_reconstructed_total_area_split_not_published,RAR2 Figure 3.15
1986,charter,unknown,unknown,8.203125,digitised_reconstructed_total_area_split_not_published,RAR2 Figure 3.15
1987,commercial,kalbarri,north,7.075947005038253,digitised_from_published_figure_reconciled_to_sector_total,RAR2 Figure 3.15
1987,commercial,mid_west,north,131.78951296883747,digitised_from_published_figure_reconciled_to_sector_total,RAR2 Figure 3.15
1987,commercial,metropolitan,south,34.495241649561486,digitised_from_published_figure_reconciled_to_sector_total,RAR2 Figure 3.15
1987,commercial,south_west,south,30.072774771412575,digitised_from_published_figure_reconciled_to_sector_total,RAR2 Figure 3.15
1987,recreational,unknown,unknown,140.29995163545323,digitised_reconstructed_total_area_split_not_published,RAR2 Figure 3.15
1987,charter,unknown,unknown,9.296875,digitised_reconstructed_total_area_split_not_published,RAR2 Figure 3.15
1988,commercial,kalbarri,north,6.166013831362332,digitised_from_published_figure_reconciled_to_sector_total,RAR2 Figure 3.15
1988,commercial,mid_west,north,135.6523042899713,digitised_from_published_figure_reconciled_to_sector_total,RAR2 Figure 3.15
1988,commercial,metropolitan,south,29.949210038045617,digitised_from_published_figure_reconciled_to_sector_total,RAR2 Figure 3.15
1988,commercial,south_west,south,29.949210038045617,digitised_from_published_figure_reconciled_to_sector_total,RAR2 Figure 3.15
1988,recreational,unknown,unknown,139.4077883177266,digitised_reconstructed_total_area_split_not_published,RAR2 Figure 3.15
1988,charter,unknown,unknown,10.390625,digitised_reconstructed_total_area_split_not_published,RAR2 Figure 3.15
1989,commercial,kalbarri,north,11.44249654470066,digitised_from_published_figure_reconciled_to_sector_total,RAR2 Figure 3.15
1989,commercial,mid_west,north,120.58630974030696,digitised_from_published_figure_reconciled_to_sector_total,RAR2 Figure 3.15
1989,commercial,metropolitan,south,38.728449843602235,digitised_from_published_figure_reconciled_to_sector_total,RAR2 Figure 3.15
1989,commercial,south_west,south,36.96806575980214,digitised_from_published_figure_reconciled_to_sector_total,RAR2 Figure 3.15
1989,recreational,unknown,unknown,142.67714023280013,digitised_reconstructed_total_area_split_not_published,RAR2 Figure 3.15
1989,charter,unknown,unknown,11.71875,digitised_reconstructed_total_area_split_not_published,RAR2 Figure 3.15
1990,commercial,kalbarri,north,7.960440380668034,digitised_from_published_figure_reconciled_to_sector_total,RAR2 Figure 3.15
1990,commercial,mid_west,north,110.5616719537227,digitised_from_published_figure_reconciled_to_sector_total,RAR2 Figure 3.15
1990,commercial,metropolitan,south,45.10916215711886,digitised_from_published_figure_reconciled_to_sector_total,RAR2 Figure 3.15
1990,commercial,south_west,south,39.80220190334017,digitised_from_published_figure_reconciled_to_sector_total,RAR2 Figure 3.15
1990,recreational,unknown,unknown,145.64086072636235,digitised_reconstructed_total_area_split_not_published,RAR2 Figure 3.15
1990,charter,unknown,unknown,13.046875,digitised_reconstructed_total_area_split_not_published,RAR2 Figure 3.15
1991,commercial,kalbarri,north,6.170249619892608,digitised_from_published_figure_reconciled_to_sector_total,RAR2 Figure 3.15
1991,commercial,mid_west,north,103.13131507534787,digitised_from_published_figure_reconciled_to_sector_total,RAR2 Figure 3.15
1991,commercial,metropolitan,south,40.54735464500856,digitised_from_published_figure_reconciled_to_sector_total,RAR2 Figure 3.15
1991,commercial,south_west,south,46.71760426490116,digitised_from_published_figure_reconciled_to_sector_total,RAR2 Figure 3.15
1991,recreational,unknown,unknown,148.30563548575887,digitised_reconstructed_total_area_split_not_published,RAR2 Figure 3.15
1991,charter,unknown,unknown,14.21875,digitised_reconstructed_total_area_split_not_published,RAR2 Figure 3.15
1992,commercial,kalbarri,north,8.07058767113434,digitised_from_published_figure_reconciled_to_sector_total,RAR2 Figure 3.15
1992,commercial,mid_west,north,93.26012419977461,digitised_from_published_figure_reconciled_to_sector_total,RAR2 Figure 3.15
1992,commercial,metropolitan,south,26.005226940321766,digitised_from_published_figure_reconciled_to_sector_total,RAR2 Figure 3.15
1992,commercial,south_west,south,33.17908264799674,digitised_from_published_figure_reconciled_to_sector_total,RAR2 Figure 3.15
1992,recreational,unknown,unknown,157.50581187410586,digitised_reconstructed_total_area_split_not_published,RAR2 Figure 3.15
1992,charter,unknown,unknown,15.3125,digitised_reconstructed_total_area_split_not_published,RAR2 Figure 3.15
1993,commercial,kalbarri,north,7.192015643649847,digitised_from_published_figure_reconciled_to_sector_total,RAR2 Figure 3.15
1993,commercial,mid_west,north,84.5061838128857,digitised_from_published_figure_reconciled_to_sector_total,RAR2 Figure 3.15
1993,commercial,metropolitan,south,31.46506844096808,digitised_from_published_figure_reconciled_to_sector_total,RAR2 Figure 3.15
1993,commercial,south_west,south,28.768062574599387,digitised_from_published_figure_reconciled_to_sector_total,RAR2 Figure 3.15
1993,recreational,unknown,unknown,154.31156725516968,digitised_reconstructed_total_area_split_not_published,RAR2 Figure 3.15
1993,charter,unknown,unknown,16.484375,digitised_reconstructed_total_area_split_not_published,RAR2 Figure 3.15
1994,commercial,kalbarri,north,5.381684911028596,digitised_from_published_figure_reconciled_to_sector_total,RAR2 Figure 3.15
1994,commercial,mid_west,north,86.10695857645753,digitised_from_published_figure_reconciled_to_sector_total,RAR2 Figure 3.15
1994,commercial,metropolitan,south,34.98095192168587,digitised_from_published_figure_reconciled_to_sector_total,RAR2 Figure 3.15
1994,commercial,south_west,south,33.18705695134301,digitised_from_published_figure_reconciled_to_sector_total,RAR2 Figure 3.15
1994,recreational,unknown,unknown,153.9584044576668,digitised_reconstructed_total_area_split_not_published,RAR2 Figure 3.15
1994,charter,unknown,unknown,18.203125,digitised_reconstructed_total_area_split_not_published,RAR2 Figure 3.15
1995,commercial,kalbarri,north,7.137001494912475,digitised_from_published_figure_reconciled_to_sector_total,RAR2 Figure 3.15
1995,commercial,mid_west,north,88.32039349954186,digitised_from_published_figure_reconciled_to_sector_total,RAR2 Figure 3.15
1995,commercial,metropolitan,south,30.332256353378018,digitised_from_published_figure_reconciled_to_sector_total,RAR2 Figure 3.15
1995,commercial,south_west,south,33.0086319139702,digitised_from_published_figure_reconciled_to_sector_total,RAR2 Figure 3.15
1995,recreational,unknown,unknown,159.5492546169853,digitised_reconstructed_total_area_split_not_published,RAR2 Figure 3.15
1995,charter,unknown,unknown,19.53125,digitised_reconstructed_total_area_split_not_published,RAR2 Figure 3.15
1996,commercial,kalbarri,north,9.75382622074662,digitised_from_published_figure_reconciled_to_sector_total,RAR2 Figure 3.15
1996,commercial,mid_west,north,100.19839663130618,digitised_from_published_figure_reconciled_to_sector_total,RAR2 Figure 3.15
1996,commercial,metropolitan,south,39.01530488298648,digitised_from_published_figure_reconciled_to_sector_total,RAR2 Figure 3.15
1996,commercial,south_west,south,39.01530488298648,digitised_from_published_figure_reconciled_to_sector_total,RAR2 Figure 3.15
1996,recreational,unknown,unknown,170.258171169853,digitised_reconstructed_total_area_split_not_published,RAR2 Figure 3.15
1996,charter,unknown,unknown,20.546875,digitised_reconstructed_total_area_split_not_published,RAR2 Figure 3.15
1997,commercial,kalbarri,north,8.820249400155452,digitised_from_published_figure_reconciled_to_sector_total,RAR2 Figure 3.15
1997,commercial,mid_west,north,129.65766618228517,digitised_from_published_figure_reconciled_to_sector_total,RAR2 Figure 3.15
1997,commercial,metropolitan,south,50.27542158088608,digitised_from_published_figure_reconciled_to_sector_total,RAR2 Figure 3.15
1997,commercial,south_west,south,35.28099760062181,digitised_from_published_figure_reconciled_to_sector_total,RAR2 Figure 3.15
1997,recreational,kalbarri,north,0.0,digitised_from_published_figure_reconciled_to_sector_total,RAR2 Figure 3.15
1997,recreational,mid_west,north,92.48710304411327,digitised_from_published_figure_reconciled_to_sector_total,RAR2 Figure 3.15
1997,recreational,metropolitan,south,51.563606121939245,digitised_from_published_figure_reconciled_to_sector_total,RAR2 Figure 3.15
1997,recreational,south_west,south,18.006338645756564,digitised_from_published_figure_reconciled_to_sector_total,RAR2 Figure 3.15
1997,charter,unknown,unknown,21.484375,digitised_reconstructed_total_area_split_not_published,RAR2 Figure 3.15
1998,commercial,kalbarri,north,10.573891906263057,digitised_from_published_figure_reconciled_to_sector_total,RAR2 Figure 3.15
1998,commercial,mid_west,north,122.48091458088041,digitised_from_published_figure_reconciled_to_sector_total,RAR2 Figure 3.15
1998,commercial,metropolitan,south,40.53325230734171,digitised_from_published_figure_reconciled_to_sector_total,RAR2 Figure 3.15
1998,commercial,south_west,south,25.553572106802388,digitised_from_published_figure_reconciled_to_sector_total,RAR2 Figure 3.15
1998,recreational,unknown,unknown,173.81291455325788,digitised_reconstructed_total_area_split_not_published,RAR2 Figure 3.15
1998,charter,unknown,unknown,22.5,digitised_reconstructed_total_area_split_not_published,RAR2 Figure 3.15
1999,commercial,kalbarri,north,15.877850517197047,digitised_from_published_figure_reconciled_to_sector_total,RAR2 Figure 3.15
1999,commercial,mid_west,north,96.14920590969324,digitised_from_published_figure_reconciled_to_sector_total,RAR2 Figure 3.15
1999,commercial,metropolitan,south,48.5156543581021,digitised_from_published_figure_reconciled_to_sector_total,RAR2 Figure 3.15
1999,commercial,south_west,south,30.87359822788315,digitised_from_published_figure_reconciled_to_sector_total,RAR2 Figure 3.15
1999,recreational,unknown,unknown,183.5529144719729,digitised_reconstructed_total_area_split_not_published,RAR2 Figure 3.15
1999,charter,unknown,unknown,23.515625,digitised_reconstructed_total_area_split_not_published,RAR2 Figure 3.15
2000,commercial,kalbarri,north,13.288971138323426,digitised_from_published_figure_reconciled_to_sector_total,RAR2 Figure 3.15
2000,commercial,mid_west,north,106.3117691065874,digitised_from_published_figure_reconciled_to_sector_total,RAR2 Figure 3.15
2000,commercial,metropolitan,south,38.09505059652715,digitised_from_published_figure_reconciled_to_sector_total,RAR2 Figure 3.15
2000,commercial,south_west,south,35.437256368862464,digitised_from_published_figure_reconciled_to_sector_total,RAR2 Figure 3.15
2000,recreational,unknown,unknown,206.96875203212383,digitised_reconstructed_total_area_split_not_published,RAR2 Figure 3.15
2000,charter,unknown,unknown,24.140625,digitised_reconstructed_total_area_split_not_published,RAR2 Figure 3.15
2001,commercial,kalbarri,north,13.264231921613085,digitised_from_published_figure_reconciled_to_sector_total,RAR2 Figure 3.15
2001,commercial,mid_west,north,144.13798688152886,digitised_from_published_figure_reconciled_to_sector_total,RAR2 Figure 3.15
2001,commercial,metropolitan,south,42.44554214916188,digitised_from_published_figure_reconciled_to_sector_total,RAR2 Figure 3.15
2001,commercial,south_west,south,34.48700299619402,digitised_from_published_figure_reconciled_to_sector_total,RAR2 Figure 3.15
2001,recreational,unknown,unknown,209.70642923332034,digitised_reconstructed_total_area_split_not_published,RAR2 Figure 3.15
2001,charter,unknown,unknown,24.140625,digitised_reconstructed_total_area_split_not_published,RAR2 Figure 3.15
2002,commercial,kalbarri,north,18.41904018728053,digitised_from_published_figure_reconciled_to_sector_total,RAR2 Figure 3.15
2002,commercial,mid_west,north,128.05618415918843,digitised_from_published_figure_reconciled_to_sector_total,RAR2 Figure 3.15
2002,commercial,metropolitan,south,53.50292625829106,digitised_from_published_figure_reconciled_to_sector_total,RAR2 Figure 3.15
2002,commercial,south_west,south,41.22356613343737,digitised_from_published_figure_reconciled_to_sector_total,RAR2 Figure 3.15
2002,recreational,unknown,unknown,0.0,digitised_reconstructed_total_area_split_not_published,RAR2 Figure 3.15
2002,charter,kalbarri,north,0.0,digitised_from_published_figure_reconciled_to_sector_total,RAR2 Figure 3.15
2002,charter,mid_west,north,7.6059503424657535,digitised_from_published_figure_reconciled_to_sector_total,RAR2 Figure 3.15
2002,charter,metropolitan,south,15.43236301369863,digitised_from_published_figure_reconciled_to_sector_total,RAR2 Figure 3.15
2002,charter,south_west,south,1.1023116438356164,digitised_from_published_figure_reconciled_to_sector_total,RAR2 Figure 3.15
2003,commercial,kalbarri,north,14.977730990363591,digitised_from_published_figure_reconciled_to_sector_total,RAR2 Figure 3.15
2003,commercial,mid_west,north,130.39436391610656,digitised_from_published_figure_reconciled_to_sector_total,RAR2 Figure 3.15
2003,commercial,metropolitan,south,48.457364968823384,digitised_from_published_figure_reconciled_to_sector_total,RAR2 Figure 3.15
2003,commercial,south_west,south,39.646934974491856,digitised_from_published_figure_reconciled_to_sector_total,RAR2 Figure 3.15
2003,recreational,unknown,unknown,0.0,digitised_reconstructed_total_area_split_not_published,RAR2 Figure 3.15
2003,charter,kalbarri,north,0.0,digitised_from_published_figure_reconciled_to_sector_total,RAR2 Figure 3.15
2003,charter,mid_west,north,9.650229357798166,digitised_from_published_figure_reconciled_to_sector_total,RAR2 Figure 3.15
2003,charter,metropolitan,south,9.744839449541285,digitised_from_published_figure_reconciled_to_sector_total,RAR2 Figure 3.15
2003,charter,south_west,south,1.2299311926605505,digitised_from_published_figure_reconciled_to_sector_total,RAR2 Figure 3.15
2004,commercial,kalbarri,north,13.208114913767162,digitised_from_published_figure_reconciled_to_sector_total,RAR2 Figure 3.15
2004,commercial,mid_west,north,132.96169013192278,digitised_from_published_figure_reconciled_to_sector_total,RAR2 Figure 3.15
2004,commercial,metropolitan,south,44.90759070680836,digitised_from_published_figure_reconciled_to_sector_total,RAR2 Figure 3.15
2004,commercial,south_west,south,47.54921368956178,digitised_from_published_figure_reconciled_to_sector_total,RAR2 Figure 3.15
2004,recreational,unknown,unknown,0.0,digitised_reconstructed_total_area_split_not_published,RAR2 Figure 3.15
2004,charter,kalbarri,north,0.0,digitised_from_published_figure_reconciled_to_sector_total,RAR2 Figure 3.15
2004,charter,mid_west,north,8.710029069767442,digitised_from_published_figure_reconciled_to_sector_total,RAR2 Figure 3.15
2004,charter,metropolitan,south,7.5145348837209305,digitised_from_published_figure_reconciled_to_sector_total,RAR2 Figure 3.15
2004,charter,south_west,south,2.134811046511628,digitised_from_published_figure_reconciled_to_sector_total,RAR2 Figure 3.15
2005,commercial,kalbarri,north,8.812589413447782,digitised_from_published_figure_reconciled_to_sector_total,RAR2 Figure 3.15
2005,commercial,mid_west,north,104.86981402002861,digitised_from_published_figure_reconciled_to_sector_total,RAR2 Figure 3.15
2005,commercial,metropolitan,south,44.9442060085837,digitised_from_published_figure_reconciled_to_sector_total,RAR2 Figure 3.15
2005,commercial,south_west,south,39.656652360515025,digitised_from_published_figure_reconciled_to_sector_total,RAR2 Figure 3.15
2005,recreational,unknown,unknown,251.41370789439458,digitised_reconstructed_total_area_split_not_published,RAR2 Figure 3.15
2005,charter,kalbarri,north,0.0,digitised_from_published_figure_reconciled_to_sector_total,RAR2 Figure 3.15
2005,charter,mid_west,north,9.375,digitised_from_published_figure_reconciled_to_sector_total,RAR2 Figure 3.15
2005,charter,metropolitan,south,7.857142857142857,digitised_from_published_figure_reconciled_to_sector_total,RAR2 Figure 3.15
2005,charter,south_west,south,2.767857142857143,digitised_from_published_figure_reconciled_to_sector_total,RAR2 Figure 3.15
2006,commercial,kalbarri,north,5.307073919958171,digitised_from_published_figure_reconciled_to_sector_total,RAR2 Figure 3.15
2006,commercial,mid_west,north,88.45123199930283,digitised_from_published_figure_reconciled_to_sector_total,RAR2 Figure 3.15
2006,commercial,metropolitan,south,32.72695583974205,digitised_from_published_figure_reconciled_to_sector_total,RAR2 Figure 3.15
2006,commercial,south_west,south,47.76366527962353,digitised_from_published_figure_reconciled_to_sector_total,RAR2 Figure 3.15
2006,recreational,kalbarri,north,0.0,digitised_from_published_figure_reconciled_to_sector_total,RAR2 Figure 3.15
2006,recreational,mid_west,north,86.26045866389215,digitised_from_published_figure_reconciled_to_sector_total,RAR2 Figure 3.15
2006,recreational,metropolitan,south,83.84194113125966,digitised_from_published_figure_reconciled_to_sector_total,RAR2 Figure 3.15
2006,recreational,south_west,south,88.67897619652464,digitised_from_published_figure_reconciled_to_sector_total,RAR2 Figure 3.15
2006,charter,kalbarri,north,0.0,digitised_from_published_figure_reconciled_to_sector_total,RAR2 Figure 3.15
2006,charter,mid_west,north,12.057416267942584,digitised_from_published_figure_reconciled_to_sector_total,RAR2 Figure 3.15
2006,charter,metropolitan,south,6.220095693779904,digitised_from_published_figure_reconciled_to_sector_total,RAR2 Figure 3.15
2006,charter,south_west,south,1.722488038277512,digitised_from_published_figure_reconciled_to_sector_total,RAR2 Figure 3.15
2007,commercial,kalbarri,north,2.673519039938766,digitised_from_published_figure_reconciled_to_sector_total,RAR2 Figure 3.15
2007,commercial,mid_west,north,73.0761870916596,digitised_from_published_figure_reconciled_to_sector_total,RAR2 Figure 3.15
2007,commercial,metropolitan,south,27.62636341270058,digitised_from_published_figure_reconciled_to_sector_total,RAR2 Figure 3.15
2007,commercial,south_west,south,36.5380935458298,digitised_from_published_figure_reconciled_to_sector_total,RAR2 Figure 3.15
2007,recreational,unknown,unknown,253.73877251593183,digitised_reconstructed_total_area_split_not_published,RAR2 Figure 3.15
2007,charter,kalbarri,north,0.0,digitised_from_published_figure_reconciled_to_sector_total,RAR2 Figure 3.15
2007,charter,mid_west,north,8.75,digitised_from_published_figure_reconciled_to_sector_total,RAR2 Figure 3.15
2007,charter,metropolitan,south,6.890625,digitised_from_published_figure_reconciled_to_sector_total,RAR2 Figure 3.15
2007,charter,south_west,south,1.3125,digitised_from_published_figure_reconciled_to_sector_total,RAR2 Figure 3.15
2008,commercial,kalbarri,north,5.40022500937539,digitised_from_published_figure_reconciled_to_sector_total,RAR2 Figure 3.15
2008,commercial,mid_west,north,59.402475103129284,digitised_from_published_figure_reconciled_to_sector_total,RAR2 Figure 3.15
2008,commercial,metropolitan,south,0.0,digitised_from_published_figure_reconciled_to_sector_total,RAR2 Figure 3.15
2008,commercial,south_west,south,27.901162548439515,digitised_from_published_figure_reconciled_to_sector_total,RAR2 Figure 3.15
2008,recreational,unknown,unknown,232.67492521784368,digitised_reconstructed_total_area_split_not_published,RAR2 Figure 3.15
2008,charter,kalbarri,north,0.0,digitised_from_published_figure_reconciled_to_sector_total,RAR2 Figure 3.15
2008,charter,mid_west,north,6.451612903225806,digitised_from_published_figure_reconciled_to_sector_total,RAR2 Figure 3.15
2008,charter,metropolitan,south,5.080645161290323,digitised_from_published_figure_reconciled_to_sector_total,RAR2 Figure 3.15
2008,charter,south_west,south,0.967741935483871,digitised_from_published_figure_reconciled_to_sector_total,RAR2 Figure 3.15
2009,commercial,kalbarri,north,0.9081296261740375,digitised_from_published_figure_reconciled_to_sector_total,RAR2 Figure 3.15
2009,commercial,mid_west,north,36.325185046961494,digitised_from_published_figure_reconciled_to_sector_total,RAR2 Figure 3.15
2009,commercial,metropolitan,south,0.0,digitised_from_published_figure_reconciled_to_sector_total,RAR2 Figure 3.15
2009,commercial,south_west,south,25.427629532873045,digitised_from_published_figure_reconciled_to_sector_total,RAR2 Figure 3.15
2009,recreational,kalbarri,north,0.0,digitised_from_published_figure_reconciled_to_sector_total,RAR2 Figure 3.15
2009,recreational,mid_west,north,74.23534589899165,digitised_from_published_figure_reconciled_to_sector_total,RAR2 Figure 3.15
2009,recreational,metropolitan,south,87.18337134649019,digitised_from_published_figure_reconciled_to_sector_total,RAR2 Figure 3.15
2009,recreational,south_west,south,50.06569839699437,digitised_from_published_figure_reconciled_to_sector_total,RAR2 Figure 3.15
2009,charter,unknown,unknown,10.703125,digitised_reconstructed_total_area_split_not_published,RAR2 Figure 3.15
2010,commercial,kalbarri,north,3.6165951359084403,digitised_from_published_figure_reconciled_to_sector_total,RAR2 Figure 3.15
2010,commercial,mid_west,north,35.261802575107296,digitised_from_published_figure_reconciled_to_sector_total,RAR2 Figure 3.15
2010,commercial,metropolitan,south,0.0,digitised_from_published_figure_reconciled_to_sector_total,RAR2 Figure 3.15
2010,commercial,south_west,south,28.932761087267522,digitised_from_published_figure_reconciled_to_sector_total,RAR2 Figure 3.15
2010,recreational,kalbarri,north,0.0,digitised_from_published_figure_reconciled_to_sector_total,RAR2 Figure 3.15
2010,recreational,mid_west,north,47.263291521462186,digitised_from_published_figure_reconciled_to_sector_total,RAR2 Figure 3.15
2010,recreational,metropolitan,south,49.11675393406854,digitised_from_published_figure_reconciled_to_sector_total,RAR2 Figure 3.15
2010,recreational,south_west,south,25.948473776489042,digitised_from_published_figure_reconciled_to_sector_total,RAR2 Figure 3.15
2010,charter,kalbarri,north,0.0,digitised_from_published_figure_reconciled_to_sector_total,RAR2 Figure 3.15
2010,charter,mid_west,north,7.894258720930233,digitised_from_published_figure_reconciled_to_sector_total,RAR2 Figure 3.15
2010,charter,metropolitan,south,4.396802325581396,digitised_from_published_figure_reconciled_to_sector_total,RAR2 Figure 3.15
2010,charter,south_west,south,0.5995639534883721,digitised_from_published_figure_reconciled_to_sector_total,RAR2 Figure 3.15
2011,commercial,kalbarri,north,2.6977314530962597,digitised_from_published_figure_reconciled_to_sector_total,RAR2 Figure 3.15
2011,commercial,mid_west,north,45.861434702636416,digitised_from_published_figure_reconciled_to_sector_total,RAR2 Figure 3.15
2011,commercial,metropolitan,south,0.0,digitised_from_published_figure_reconciled_to_sector_total,RAR2 Figure 3.15
2011,commercial,south_west,south,26.977314530962595,digitised_from_published_figure_reconciled_to_sector_total,RAR2 Figure 3.15
2011,recreational,unknown,unknown,96.42137916178957,digitised_reconstructed_total_area_split_not_published,RAR2 Figure 3.15
2011,charter,kalbarri,north,0.0,digitised_from_published_figure_reconciled_to_sector_total,RAR2 Figure 3.15
2011,charter,mid_west,north,7.65380859375,digitised_from_published_figure_reconciled_to_sector_total,RAR2 Figure 3.15
2011,charter,metropolitan,south,3.94775390625,digitised_from_published_figure_reconciled_to_sector_total,RAR2 Figure 3.15
2011,charter,south_west,south,1.2890625,digitised_from_published_figure_reconciled_to_sector_total,RAR2 Figure 3.15
2012,commercial,kalbarri,north,2.7401782766589635,digitised_from_published_figure_reconciled_to_sector_total,RAR2 Figure 3.15
2012,commercial,mid_west,north,46.58303070320238,digitised_from_published_figure_reconciled_to_sector_total,RAR2 Figure 3.15
2012,commercial,metropolitan,south,0.0,digitised_from_published_figure_reconciled_to_sector_total,RAR2 Figure 3.15
2012,commercial,south_west,south,21.921426213271708,digitised_from_published_figure_reconciled_to_sector_total,RAR2 Figure 3.15
2012,recreational,kalbarri,north,0.0,digitised_from_published_figure_reconciled_to_sector_total,RAR2 Figure 3.15
2012,recreational,mid_west,north,41.77902642873278,digitised_from_published_figure_reconciled_to_sector_total,RAR2 Figure 3.15
2012,recreational,metropolitan,south,26.982287901889915,digitised_from_published_figure_reconciled_to_sector_total,RAR2 Figure 3.15
2012,recreational,south_west,south,13.926342142910926,digitised_from_published_figure_reconciled_to_sector_total,RAR2 Figure 3.15
2012,charter,kalbarri,north,0.0,digitised_from_published_figure_reconciled_to_sector_total,RAR2 Figure 3.15
2012,charter,mid_west,north,6.3671875,digitised_from_published_figure_reconciled_to_sector_total,RAR2 Figure 3.15
2012,charter,metropolitan,south,4.6746439873417724,digitised_from_published_figure_reconciled_to_sector_total,RAR2 Figure 3.15
2012,charter,south_west,south,1.6925435126582278,digitised_from_published_figure_reconciled_to_sector_total,RAR2 Figure 3.15
2013,commercial,kalbarri,north,2.7038626609442065,digitised_from_published_figure_reconciled_to_sector_total,RAR2 Figure 3.15
2013,commercial,mid_west,north,50.472103004291846,digitised_from_published_figure_reconciled_to_sector_total,RAR2 Figure 3.15
2013,commercial,metropolitan,south,0.0,digitised_from_published_figure_reconciled_to_sector_total,RAR2 Figure 3.15
2013,commercial,south_west,south,18.927038626609445,digitised_from_published_figure_reconciled_to_sector_total,RAR2 Figure 3.15
2013,recreational,unknown,unknown,81.09538585966966,digitised_reconstructed_total_area_split_not_published,RAR2 Figure 3.15
2013,charter,kalbarri,north,0.0,digitised_from_published_figure_reconciled_to_sector_total,RAR2 Figure 3.15
2013,charter,mid_west,north,6.784206081081081,digitised_from_published_figure_reconciled_to_sector_total,RAR2 Figure 3.15
2013,charter,metropolitan,south,3.634396114864865,digitised_from_published_figure_reconciled_to_sector_total,RAR2 Figure 3.15
2013,charter,south_west,south,1.534522804054054,digitised_from_published_figure_reconciled_to_sector_total,RAR2 Figure 3.15
2014,commercial,kalbarri,north,2.7335754374380983,digitised_from_published_figure_reconciled_to_sector_total,RAR2 Figure 3.15
2014,commercial,mid_west,north,41.003631561571474,digitised_from_published_figure_reconciled_to_sector_total,RAR2 Figure 3.15
2014,commercial,metropolitan,south,0.0,digitised_from_published_figure_reconciled_to_sector_total,RAR2 Figure 3.15
2014,commercial,south_west,south,15.490260812149225,digitised_from_published_figure_reconciled_to_sector_total,RAR2 Figure 3.15
2014,recreational,kalbarri,north,0.0,digitised_from_published_figure_reconciled_to_sector_total,RAR2 Figure 3.15
2014,recreational,mid_west,north,30.837050272526284,digitised_from_published_figure_reconciled_to_sector_total,RAR2 Figure 3.15
2014,recreational,metropolitan,south,39.40289757045025,digitised_from_published_figure_reconciled_to_sector_total,RAR2 Figure 3.15
2014,recreational,south_west,south,14.561940406470743,digitised_from_published_figure_reconciled_to_sector_total,RAR2 Figure 3.15
2014,charter,kalbarri,north,0.0,digitised_from_published_figure_reconciled_to_sector_total,RAR2 Figure 3.15
2014,charter,mid_west,north,6.540478187919463,digitised_from_published_figure_reconciled_to_sector_total,RAR2 Figure 3.15
2014,charter,metropolitan,south,3.4721057046979866,digitised_from_published_figure_reconciled_to_sector_total,RAR2 Figure 3.15
2014,charter,south_west,south,2.0186661073825505,digitised_from_published_figure_reconciled_to_sector_total,RAR2 Figure 3.15
2015,commercial,kalbarri,north,2.7896995708154506,digitised_from_published_figure_reconciled_to_sector_total,RAR2 Figure 3.15
2015,commercial,mid_west,north,31.61659513590844,digitised_from_published_figure_reconciled_to_sector_total,RAR2 Figure 3.15
2015,commercial,metropolitan,south,0.0,digitised_from_published_figure_reconciled_to_sector_total,RAR2 Figure 3.15
2015,commercial,south_west,south,10.228898426323317,digitised_from_published_figure_reconciled_to_sector_total,RAR2 Figure 3.15
2015,recreational,unknown,unknown,99.81556444271035,digitised_reconstructed_total_area_split_not_published,RAR2 Figure 3.15
2015,charter,kalbarri,north,0.0,digitised_from_published_figure_reconciled_to_sector_total,RAR2 Figure 3.15
2015,charter,mid_west,north,8.293711656441717,digitised_from_published_figure_reconciled_to_sector_total,RAR2 Figure 3.15
2015,charter,metropolitan,south,3.2208588957055215,digitised_from_published_figure_reconciled_to_sector_total,RAR2 Figure 3.15
2015,charter,south_west,south,1.6104294478527608,digitised_from_published_figure_reconciled_to_sector_total,RAR2 Figure 3.15
2016,commercial,kalbarri,north,1.9129368485591665,digitised_from_published_figure_reconciled_to_sector_total,RAR2 Figure 3.15
2016,commercial,mid_west,north,23.911710606989576,digitised_from_published_figure_reconciled_to_sector_total,RAR2 Figure 3.15
2016,commercial,metropolitan,south,0.0,digitised_from_published_figure_reconciled_to_sector_total,RAR2 Figure 3.15
2016,commercial,south_west,south,7.651747394236666,digitised_from_published_figure_reconciled_to_sector_total,RAR2 Figure 3.15
2016,recreational,kalbarri,north,0.0,digitised_from_published_figure_reconciled_to_sector_total,RAR2 Figure 3.15
2016,recreational,mid_west,north,37.35425111105257,digitised_from_published_figure_reconciled_to_sector_total,RAR2 Figure 3.15
2016,recreational,metropolitan,south,39.01444004932157,digitised_from_published_figure_reconciled_to_sector_total,RAR2 Figure 3.15
2016,recreational,south_west,south,37.35425111105257,digitised_from_published_figure_reconciled_to_sector_total,RAR2 Figure 3.15
2016,charter,kalbarri,north,0.0,digitised_from_published_figure_reconciled_to_sector_total,RAR2 Figure 3.15
2016,charter,mid_west,north,8.744539650537634,digitised_from_published_figure_reconciled_to_sector_total,RAR2 Figure 3.15
2016,charter,metropolitan,south,4.653057795698925,digitised_from_published_figure_reconciled_to_sector_total,RAR2 Figure 3.15
2016,charter,south_west,south,1.5242775537634408,digitised_from_published_figure_reconciled_to_sector_total,RAR2 Figure 3.15
2017,commercial,kalbarri,north,0.946406954990646,digitised_from_published_figure_reconciled_to_sector_total,RAR2 Figure 3.15
2017,commercial,mid_west,north,26.499394739738086,digitised_from_published_figure_reconciled_to_sector_total,RAR2 Figure 3.15
2017,commercial,metropolitan,south,0.0,digitised_from_published_figure_reconciled_to_sector_total,RAR2 Figure 3.15
2017,commercial,south_west,south,9.464069549906458,digitised_from_published_figure_reconciled_to_sector_total,RAR2 Figure 3.15
2017,recreational,unknown,unknown,119.6620984523345,digitised_reconstructed_total_area_split_not_published,RAR2 Figure 3.15
2017,charter,kalbarri,north,0.0,digitised_from_published_figure_reconciled_to_sector_total,RAR2 Figure 3.15
2017,charter,mid_west,north,7.649539877300613,digitised_from_published_figure_reconciled_to_sector_total,RAR2 Figure 3.15
2017,charter,metropolitan,south,3.9455521472392636,digitised_from_published_figure_reconciled_to_sector_total,RAR2 Figure 3.15
2017,charter,south_west,south,1.5299079754601228,digitised_from_published_figure_reconciled_to_sector_total,RAR2 Figure 3.15
2018,commercial,kalbarri,north,0.9516700877029298,digitised_from_published_figure_reconciled_to_sector_total,RAR2 Figure 3.15
2018,commercial,mid_west,north,28.55010263108789,digitised_from_published_figure_reconciled_to_sector_total,RAR2 Figure 3.15
2018,commercial,metropolitan,south,0.0,digitised_from_published_figure_reconciled_to_sector_total,RAR2 Figure 3.15
2018,commercial,south_west,south,14.275051315543944,digitised_from_published_figure_reconciled_to_sector_total,RAR2 Figure 3.15
2018,recreational,kalbarri,north,0.0,digitised_from_published_figure_reconciled_to_sector_total,RAR2 Figure 3.15
2018,recreational,mid_west,north,19.5681301252022,digitised_from_published_figure_reconciled_to_sector_total,RAR2 Figure 3.15
2018,recreational,metropolitan,south,28.907464957685068,digitised_from_published_figure_reconciled_to_sector_total,RAR2 Figure 3.15
2018,recreational,south_west,south,19.5681301252022,digitised_from_published_figure_reconciled_to_sector_total,RAR2 Figure 3.15
2018,charter,kalbarri,north,0.0,digitised_from_published_figure_reconciled_to_sector_total,RAR2 Figure 3.15
2018,charter,mid_west,north,6.334333609271523,digitised_from_published_figure_reconciled_to_sector_total,RAR2 Figure 3.15
2018,charter,metropolitan,south,5.264900662251655,digitised_from_published_figure_reconciled_to_sector_total,RAR2 Figure 3.15
2018,charter,south_west,south,0.8226407284768212,digitised_from_published_figure_reconciled_to_sector_total,RAR2 Figure 3.15
2019,commercial,kalbarri,north,0.0,digitised_from_published_figure_reconciled_to_sector_total,RAR2 Figure 3.15
2019,commercial,mid_west,north,31.13538821693328,digitised_from_published_figure_reconciled_to_sector_total,RAR2 Figure 3.15
2019,commercial,metropolitan,south,0.0,digitised_from_published_figure_reconciled_to_sector_total,RAR2 Figure 3.15
2019,commercial,south_west,south,17.791650409676162,digitised_from_published_figure_reconciled_to_sector_total,RAR2 Figure 3.15
2019,recreational,unknown,unknown,122.53129470672388,digitised_reconstructed_total_area_split_not_published,RAR2 Figure 3.15
2019,charter,kalbarri,north,0.0,digitised_from_published_figure_reconciled_to_sector_total,RAR2 Figure 3.15
2019,charter,mid_west,north,6.060344827586207,digitised_from_published_figure_reconciled_to_sector_total,RAR2 Figure 3.15
2019,charter,metropolitan,south,4.504310344827586,digitised_from_published_figure_reconciled_to_sector_total,RAR2 Figure 3.15
2019,charter,south_west,south,1.3103448275862069,digitised_from_published_figure_reconciled_to_sector_total,RAR2 Figure 3.15
2020,commercial,kalbarri,north,0.0,digitised_from_published_figure_reconciled_to_sector_total,RAR2 Figure 3.15
2020,commercial,mid_west,north,36.328395403571925,digitised_from_published_figure_reconciled_to_sector_total,RAR2 Figure 3.15
2020,commercial,metropolitan,south,0.0,digitised_from_published_figure_reconciled_to_sector_total,RAR2 Figure 3.15
2020,commercial,south_west,south,18.607226914024643,digitised_from_published_figure_reconciled_to_sector_total,RAR2 Figure 3.15
2020,recreational,unknown,unknown,115.67990798543372,digitised_reconstructed_total_area_split_not_published,RAR2 Figure 3.15
2020,charter,kalbarri,north,0.0,digitised_from_published_figure_reconciled_to_sector_total,RAR2 Figure 3.15
2020,charter,mid_west,north,4.3146008403361344,digitised_from_published_figure_reconciled_to_sector_total,RAR2 Figure 3.15
2020,charter,metropolitan,south,4.233193277310924,digitised_from_published_figure_reconciled_to_sector_total,RAR2 Figure 3.15
2020,charter,south_west,south,1.1397058823529411,digitised_from_published_figure_reconciled_to_sector_total,RAR2 Figure 3.15
2021,commercial,kalbarri,north,0.0,digitised_from_published_figure_reconciled_to_sector_total,RAR2 Figure 3.15
2021,commercial,mid_west,north,22.457331070965164,digitised_from_published_figure_reconciled_to_sector_total,RAR2 Figure 3.15
2021,commercial,metropolitan,south,0.0,digitised_from_published_figure_reconciled_to_sector_total,RAR2 Figure 3.15
2021,commercial,south_west,south,16.169278371094922,digitised_from_published_figure_reconciled_to_sector_total,RAR2 Figure 3.15
2021,recreational,kalbarri,north,0.0,digitised_from_published_figure_reconciled_to_sector_total,RAR2 Figure 3.15
2021,recreational,mid_west,north,27.73724951729243,digitised_from_published_figure_reconciled_to_sector_total,RAR2 Figure 3.15
2021,recreational,metropolitan,south,50.27376475009253,digitised_from_published_figure_reconciled_to_sector_total,RAR2 Figure 3.15
2021,recreational,south_west,south,34.67156189661554,digitised_from_published_figure_reconciled_to_sector_total,RAR2 Figure 3.15
2021,charter,kalbarri,north,0.0,digitised_from_published_figure_reconciled_to_sector_total,RAR2 Figure 3.15
2021,charter,mid_west,north,5.300849780701754,digitised_from_published_figure_reconciled_to_sector_total,RAR2 Figure 3.15
2021,charter,metropolitan,south,2.2018914473684212,digitised_from_published_figure_reconciled_to_sector_total,RAR2 Figure 3.15
2021,charter,south_west,south,1.7941337719298245,digitised_from_published_figure_reconciled_to_sector_total,RAR2 Figure 3.15
2022,commercial,kalbarri,north,0.0,digitised_from_published_figure_reconciled_to_sector_total,RAR2 Figure 3.15
2022,commercial,mid_west,north,17.947717518532965,digitised_from_published_figure_reconciled_to_sector_total,RAR2 Figure 3.15
2022,commercial,metropolitan,south,0.0,digitised_from_published_figure_reconciled_to_sector_total,RAR2 Figure 3.15
2022,commercial,south_west,south,21.53726102223956,digitised_from_published_figure_reconciled_to_sector_total,RAR2 Figure 3.15
2022,recreational,unknown,unknown,109.31000251983353,digitised_reconstructed_total_area_split_not_published,RAR2 Figure 3.15
2022,charter,kalbarri,north,0.0,digitised_from_published_figure_reconciled_to_sector_total,RAR2 Figure 3.15
2022,charter,mid_west,north,3.6328125,digitised_from_published_figure_reconciled_to_sector_total,RAR2 Figure 3.15
2022,charter,metropolitan,south,2.229225852272727,digitised_from_published_figure_reconciled_to_sector_total,RAR2 Figure 3.15
2022,charter,south_west,south,1.4035866477272727,digitised_from_published_figure_reconciled_to_sector_total,RAR2 Figure 3.15
2023,commercial,kalbarri,north,0.0,digitised_from_published_figure_reconciled_to_sector_total,RAR2 Figure 3.15
2023,commercial,mid_west,north,16.15294576667967,digitised_from_published_figure_reconciled_to_sector_total,RAR2 Figure 3.15
2023,commercial,metropolitan,south,0.0,digitised_from_published_figure_reconciled_to_sector_total,RAR2 Figure 3.15
2023,commercial,south_west,south,23.33203277409286,digitised_from_published_figure_reconciled_to_sector_total,RAR2 Figure 3.15
2023,recreational,unknown,unknown,96.11161236831838,digitised_reconstructed_total_area_split_not_published,RAR2 Figure 3.15
2023,charter,kalbarri,north,0.0,digitised_from_published_figure_reconciled_to_sector_total,RAR2 Figure 3.15
2023,charter,mid_west,north,2.2278225806451615,digitised_from_published_figure_reconciled_to_sector_total,RAR2 Figure 3.15
2023,charter,metropolitan,south,2.8276209677419355,digitised_from_published_figure_reconciled_to_sector_total,RAR2 Figure 3.15
2023,charter,south_west,south,0.25705645161290325,digitised_from_published_figure_reconciled_to_sector_total,RAR2 Figure 3.15
2024,commercial,kalbarri,north,0.0,digitised_from_published_figure_reconciled_to_sector_total,RAR2 Figure 3.15
2024,commercial,mid_west,north,12.55126371006199,digitised_from_published_figure_reconciled_to_sector_total,RAR2 Figure 3.15
2024,commercial,metropolitan,south,0.0,digitised_from_published_figure_reconciled_to_sector_total,RAR2 Figure 3.15
2024,commercial,south_west,south,27.79208392942298,digitised_from_published_figure_reconciled_to_sector_total,RAR2 Figure 3.15
2024,recreational,kalbarri,north,0.0,digitised_from_published_figure_reconciled_to_sector_total,RAR2 Figure 3.15
2024,recreational,mid_west,north,24.692369194448055,digitised_from_published_figure_reconciled_to_sector_total,RAR2 Figure 3.15
2024,recreational,metropolitan,south,40.87012832184506,digitised_from_published_figure_reconciled_to_sector_total,RAR2 Figure 3.15
2024,recreational,south_west,south,26.395291207858264,digitised_from_published_figure_reconciled_to_sector_total,RAR2 Figure 3.15
2024,charter,kalbarri,north,0.0,digitised_from_published_figure_reconciled_to_sector_total,RAR2 Figure 3.15
2024,charter,mid_west,north,2.7083333333333335,digitised_from_published_figure_reconciled_to_sector_total,RAR2 Figure 3.15
2024,charter,metropolitan,south,1.3541666666666667,digitised_from_published_figure_reconciled_to_sector_total,RAR2 Figure 3.15
2024,charter,south_west,south,0.0,digitised_from_published_figure_reconciled_to_sector_total,RAR2 Figure 3.15
